run_id,participant,schedule,sparsity_label,input_scheme,retraining_specialization,correlation_specialization,ablation_specialization
two_module_rnn_25_no_comms_nb2,study1_same_sub1,same,no_comms,shared,,0.0,
two_module_rnn_25_no_comms_nb2,study1_same_sub10,same,no_comms,shared,,0.0,
two_module_rnn_25_no_comms_nb2,study1_same_sub11,same,no_comms,shared,,0.0,
two_module_rnn_25_no_comms_nb2,study1_same_sub12,same,no_comms,shared,,0.0,
two_module_rnn_25_no_comms_nb2,study1_same_sub13,same,no_comms,shared,,0.0,
two_module_rnn_25_no_comms_nb2,study1_near_sub1,near,no_comms,shared,,0.0,
two_module_rnn_25_no_comms_nb2,study1_near_sub10,near,no_comms,shared,,0.0,
two_module_rnn_25_no_comms_nb2,study1_near_sub14,near,no_comms,shared,,0.0,
two_module_rnn_25_no_comms_nb2,study1_near_sub15,near,no_comms,shared,,0.0,
two_module_rnn_25_no_comms_nb2,study1_near_sub18,near,no_comms,shared,,0.0,
two_module_rnn_25_no_comms_nb2,study1_far_sub1,far,no_comms,shared,,0.0,
two_module_rnn_25_no_comms_nb2,study1_far_sub10,far,no_comms,shared,,0.0,
two_module_rnn_25_no_comms_nb2,study1_far_sub12,far,no_comms,shared,,0.0,
two_module_rnn_25_no_comms_nb2,study1_far_sub13,far,no_comms,shared,,0.0,
two_module_rnn_25_no_comms_nb2,study1_far_sub15,far,no_comms,shared,,0.0,
two_module_rnn_25_task_routed_no_comms_nb2,study1_same_sub1,same,no_comms,task_routed,,0.5,
two_module_rnn_25_task_routed_no_comms_nb2,study1_same_sub10,same,no_comms,task_routed,,0.5,
two_module_rnn_25_task_routed_no_comms_nb2,study1_same_sub11,same,no_comms,task_routed,,0.5,
two_module_rnn_25_task_routed_no_comms_nb2,study1_same_sub12,same,no_comms,task_routed,,0.5,
two_module_rnn_25_task_routed_no_comms_nb2,study1_same_sub13,same,no_comms,task_routed,,0.5,
two_module_rnn_25_task_routed_no_comms_nb2,study1_near_sub1,near,no_comms,task_routed,,0.5,
two_module_rnn_25_task_routed_no_comms_nb2,study1_near_sub10,near,no_comms,task_routed,,0.5,
two_module_rnn_25_task_routed_no_comms_nb2,study1_near_sub14,near,no_comms,task_routed,,0.5,
two_module_rnn_25_task_routed_no_comms_nb2,study1_near_sub15,near,no_comms,task_routed,,0.5,
two_module_rnn_25_task_routed_no_comms_nb2,study1_near_sub18,near,no_comms,task_routed,,1.0,
two_module_rnn_25_task_routed_no_comms_nb2,study1_far_sub1,far,no_comms,task_routed,,0.5,
two_module_rnn_25_task_routed_no_comms_nb2,study1_far_sub10,far,no_comms,task_routed,,0.0,
two_module_rnn_25_task_routed_no_comms_nb2,study1_far_sub12,far,no_comms,task_routed,,0.0,
two_module_rnn_25_task_routed_no_comms_nb2,study1_far_sub13,far,no_comms,task_routed,,0.0,
two_module_rnn_25_task_routed_no_comms_nb2,study1_far_sub15,far,no_comms,task_routed,,0.0,
two_module_rnn_25_low_sparse_nb2,study1_same_sub1,same,0.3,shared,,0.0,
two_module_rnn_25_low_sparse_nb2,study1_same_sub10,same,0.3,shared,,0.0,
two_module_rnn_25_low_sparse_nb2,study1_same_sub11,same,0.3,shared,,0.0,
two_module_rnn_25_low_sparse_nb2,study1_same_sub12,same,0.3,shared,,0.0,
two_module_rnn_25_low_sparse_nb2,study1_same_sub13,same,0.3,shared,,0.0,
two_module_rnn_25_low_sparse_nb2,study1_near_sub1,near,0.3,shared,,0.0,
two_module_rnn_25_low_sparse_nb2,study1_near_sub10,near,0.3,shared,,0.0,
two_module_rnn_25_low_sparse_nb2,study1_near_sub14,near,0.3,shared,,0.0,
two_module_rnn_25_low_sparse_nb2,study1_near_sub15,near,0.3,shared,,0.0,
two_module_rnn_25_low_sparse_nb2,study1_near_sub18,near,0.3,shared,,0.0,
two_module_rnn_25_low_sparse_nb2,study1_far_sub1,far,0.3,shared,,0.0,
two_module_rnn_25_low_sparse_nb2,study1_far_sub10,far,0.3,shared,,0.0,
two_module_rnn_25_low_sparse_nb2,study1_far_sub12,far,0.3,shared,,0.0,
two_module_rnn_25_low_sparse_nb2,study1_far_sub13,far,0.3,shared,,0.0,
two_module_rnn_25_low_sparse_nb2,study1_far_sub15,far,0.3,shared,,0.0,
two_module_rnn_25_task_routed_low_sparse_nb2,study1_same_sub1,same,0.3,task_routed,,0.2712014876875847,
two_module_rnn_25_task_routed_low_sparse_nb2,study1_same_sub10,same,0.3,task_routed,,0.15644667872936246,
two_module_rnn_25_task_routed_low_sparse_nb2,study1_same_sub11,same,0.3,task_routed,,0.7266745774631659,
two_module_rnn_25_task_routed_low_sparse_nb2,study1_same_sub12,same,0.3,task_routed,,0.5663542144506937,
two_module_rnn_25_task_routed_low_sparse_nb2,study1_same_sub13,same,0.3,task_routed,,0.30163396403791215,
two_module_rnn_25_task_routed_low_sparse_nb2,study1_near_sub1,near,0.3,task_routed,,1.9901651985963262,
two_module_rnn_25_task_routed_low_sparse_nb2,study1_near_sub10,near,0.3,task_routed,,0.35604620266061515,
two_module_rnn_25_task_routed_low_sparse_nb2,study1_near_sub14,near,0.3,task_routed,,0.9380970304911529,
two_module_rnn_25_task_routed_low_sparse_nb2,study1_near_sub15,near,0.3,task_routed,,0.23375723695689174,
two_module_rnn_25_task_routed_low_sparse_nb2,study1_near_sub18,near,0.3,task_routed,,0.0,
two_module_rnn_25_task_routed_low_sparse_nb2,study1_far_sub1,far,0.3,task_routed,,0.5902990075861723,
two_module_rnn_25_task_routed_low_sparse_nb2,study1_far_sub10,far,0.3,task_routed,,0.0,
two_module_rnn_25_task_routed_low_sparse_nb2,study1_far_sub12,far,0.3,task_routed,,0.0,
two_module_rnn_25_task_routed_low_sparse_nb2,study1_far_sub13,far,0.3,task_routed,,0.9548660896378639,
two_module_rnn_25_task_routed_low_sparse_nb2,study1_far_sub15,far,0.3,task_routed,,0.4454341305807085,
two_module_rnn_25_sp05_nb2,study1_same_sub1,same,0.5,shared,,0.0,
two_module_rnn_25_sp05_nb2,study1_same_sub10,same,0.5,shared,,0.0,
two_module_rnn_25_sp05_nb2,study1_same_sub11,same,0.5,shared,,0.0,
two_module_rnn_25_sp05_nb2,study1_same_sub12,same,0.5,shared,,0.0,
two_module_rnn_25_sp05_nb2,study1_same_sub13,same,0.5,shared,,0.0,
two_module_rnn_25_sp05_nb2,study1_near_sub1,near,0.5,shared,,0.0,
two_module_rnn_25_sp05_nb2,study1_near_sub10,near,0.5,shared,,0.0,
two_module_rnn_25_sp05_nb2,study1_near_sub14,near,0.5,shared,,0.0,
two_module_rnn_25_sp05_nb2,study1_near_sub15,near,0.5,shared,,0.0,
two_module_rnn_25_sp05_nb2,study1_near_sub18,near,0.5,shared,,0.0,
two_module_rnn_25_sp05_nb2,study1_far_sub1,far,0.5,shared,,0.0,
two_module_rnn_25_sp05_nb2,study1_far_sub10,far,0.5,shared,,0.0,
two_module_rnn_25_sp05_nb2,study1_far_sub12,far,0.5,shared,,0.0,
two_module_rnn_25_sp05_nb2,study1_far_sub13,far,0.5,shared,,0.0,
two_module_rnn_25_sp05_nb2,study1_far_sub15,far,0.5,shared,,0.0,
two_module_rnn_25_task_routed_sp05_nb2,study1_same_sub1,same,0.5,task_routed,,0.29222406491574315,
two_module_rnn_25_task_routed_sp05_nb2,study1_same_sub10,same,0.5,task_routed,,0.1345833118314597,
two_module_rnn_25_task_routed_sp05_nb2,study1_same_sub11,same,0.5,task_routed,,0.007179902512853586,
two_module_rnn_25_task_routed_sp05_nb2,study1_same_sub12,same,0.5,task_routed,,0.21660050511105908,
two_module_rnn_25_task_routed_sp05_nb2,study1_same_sub13,same,0.5,task_routed,,0.48133374087552344,
two_module_rnn_25_task_routed_sp05_nb2,study1_near_sub1,near,0.5,task_routed,,0.0,
two_module_rnn_25_task_routed_sp05_nb2,study1_near_sub10,near,0.5,task_routed,,0.12512952102162905,
two_module_rnn_25_task_routed_sp05_nb2,study1_near_sub14,near,0.5,task_routed,,0.4519023884718023,
two_module_rnn_25_task_routed_sp05_nb2,study1_near_sub15,near,0.5,task_routed,,0.5403197121616707,
two_module_rnn_25_task_routed_sp05_nb2,study1_near_sub18,near,0.5,task_routed,,0.0,
two_module_rnn_25_task_routed_sp05_nb2,study1_far_sub1,far,0.5,task_routed,,0.5430412303481259,
two_module_rnn_25_task_routed_sp05_nb2,study1_far_sub10,far,0.5,task_routed,,0.0,
two_module_rnn_25_task_routed_sp05_nb2,study1_far_sub12,far,0.5,task_routed,,0.0,
two_module_rnn_25_task_routed_sp05_nb2,study1_far_sub13,far,0.5,task_routed,,2.1679175492655625,
two_module_rnn_25_task_routed_sp05_nb2,study1_far_sub15,far,0.5,task_routed,,150.2687097227044,
two_module_rnn_25_sp07_nb2,study1_same_sub1,same,0.7,shared,,0.0,
two_module_rnn_25_sp07_nb2,study1_same_sub10,same,0.7,shared,,0.0,
two_module_rnn_25_sp07_nb2,study1_same_sub11,same,0.7,shared,,0.0,
two_module_rnn_25_sp07_nb2,study1_same_sub12,same,0.7,shared,,0.0,
two_module_rnn_25_sp07_nb2,study1_same_sub13,same,0.7,shared,,0.0,
two_module_rnn_25_sp07_nb2,study1_near_sub1,near,0.7,shared,,0.0,
two_module_rnn_25_sp07_nb2,study1_near_sub14,near,0.7,shared,,0.0,
two_module_rnn_25_sp07_nb2,study1_near_sub15,near,0.7,shared,,0.0,
two_module_rnn_25_sp07_nb2,study1_near_sub18,near,0.7,shared,,0.0,
two_module_rnn_25_sp07_nb2,study1_near_sub2,near,0.7,shared,,0.0,
two_module_rnn_25_sp07_nb2,study1_far_sub1,far,0.7,shared,,0.0,
two_module_rnn_25_sp07_nb2,study1_far_sub10,far,0.7,shared,,0.0,
two_module_rnn_25_sp07_nb2,study1_far_sub12,far,0.7,shared,,0.0,
two_module_rnn_25_sp07_nb2,study1_far_sub13,far,0.7,shared,,0.0,
two_module_rnn_25_sp07_nb2,study1_far_sub15,far,0.7,shared,,0.0,
two_module_rnn_25_task_routed_sp07_nb2,study1_same_sub1,same,0.7,task_routed,,1.7251688617843566,
two_module_rnn_25_task_routed_sp07_nb2,study1_same_sub10,same,0.7,task_routed,,0.15527600300337885,
two_module_rnn_25_task_routed_sp07_nb2,study1_same_sub11,same,0.7,task_routed,,0.0015315059223868217,
two_module_rnn_25_task_routed_sp07_nb2,study1_same_sub12,same,0.7,task_routed,,0.7312131456767393,
two_module_rnn_25_task_routed_sp07_nb2,study1_same_sub13,same,0.7,task_routed,,0.23465824782345637,
two_module_rnn_25_task_routed_sp07_nb2,study1_near_sub1,near,0.7,task_routed,,0.28787825842018006,
two_module_rnn_25_task_routed_sp07_nb2,study1_near_sub14,near,0.7,task_routed,,0.2334317547948362,
two_module_rnn_25_task_routed_sp07_nb2,study1_near_sub15,near,0.7,task_routed,,0.4929895346131886,
two_module_rnn_25_task_routed_sp07_nb2,study1_near_sub18,near,0.7,task_routed,,1.4175518722070128,
two_module_rnn_25_task_routed_sp07_nb2,study1_near_sub2,near,0.7,task_routed,,0.0,
two_module_rnn_25_task_routed_sp07_nb2,study1_far_sub1,far,0.7,task_routed,,0.27264997443749944,
two_module_rnn_25_task_routed_sp07_nb2,study1_far_sub10,far,0.7,task_routed,,0.0,
two_module_rnn_25_task_routed_sp07_nb2,study1_far_sub12,far,0.7,task_routed,,0.0,
two_module_rnn_25_task_routed_sp07_nb2,study1_far_sub13,far,0.7,task_routed,,0.0,
two_module_rnn_25_task_routed_sp07_nb2,study1_far_sub15,far,0.7,task_routed,,0.0,
two_module_rnn_25_nb2,study1_same_sub1,same,full,shared,,0.0,
two_module_rnn_25_nb2,study1_same_sub10,same,full,shared,,0.0,
two_module_rnn_25_nb2,study1_same_sub11,same,full,shared,,0.0,
two_module_rnn_25_nb2,study1_same_sub12,same,full,shared,,0.0,
two_module_rnn_25_nb2,study1_same_sub13,same,full,shared,,0.0,
two_module_rnn_25_nb2,study1_near_sub1,near,full,shared,,0.0,
two_module_rnn_25_nb2,study1_near_sub10,near,full,shared,,0.0,
two_module_rnn_25_nb2,study1_near_sub14,near,full,shared,,0.0,
two_module_rnn_25_nb2,study1_near_sub15,near,full,shared,,0.0,
two_module_rnn_25_nb2,study1_near_sub18,near,full,shared,,0.0,
two_module_rnn_25_nb2,study1_far_sub1,far,full,shared,,0.0,
two_module_rnn_25_nb2,study1_far_sub10,far,full,shared,,0.0,
two_module_rnn_25_nb2,study1_far_sub12,far,full,shared,,0.0,
two_module_rnn_25_nb2,study1_far_sub13,far,full,shared,,0.0,
two_module_rnn_25_nb2,study1_far_sub15,far,full,shared,,0.0,
two_module_rnn_25_task_routed_nb2,study1_same_sub1,same,full,task_routed,,0.03287370176847437,
two_module_rnn_25_task_routed_nb2,study1_same_sub10,same,full,task_routed,,0.8785882965787041,
two_module_rnn_25_task_routed_nb2,study1_same_sub11,same,full,task_routed,,0.6312403574613356,
two_module_rnn_25_task_routed_nb2,study1_same_sub12,same,full,task_routed,,0.2578855045978348,
two_module_rnn_25_task_routed_nb2,study1_same_sub13,same,full,task_routed,,0.0,
two_module_rnn_25_task_routed_nb2,study1_near_sub1,near,full,task_routed,,0.0,
two_module_rnn_25_task_routed_nb2,study1_near_sub10,near,full,task_routed,,0.7138871948197524,
two_module_rnn_25_task_routed_nb2,study1_near_sub14,near,full,task_routed,,0.022515212744241685,
two_module_rnn_25_task_routed_nb2,study1_near_sub15,near,full,task_routed,,0.7623147583232801,
two_module_rnn_25_task_routed_nb2,study1_near_sub18,near,full,task_routed,,0.42179848976758366,
two_module_rnn_25_task_routed_nb2,study1_far_sub1,far,full,task_routed,,0.38754149511228786,
two_module_rnn_25_task_routed_nb2,study1_far_sub10,far,full,task_routed,,0.0,
two_module_rnn_25_task_routed_nb2,study1_far_sub12,far,full,task_routed,,0.0,
two_module_rnn_25_task_routed_nb2,study1_far_sub13,far,full,task_routed,,0.0,
two_module_rnn_25_task_routed_nb2,study1_far_sub15,far,full,task_routed,,0.0,
two_module_rnn_25_sp09_nb2,study1_same_sub43,same,0.9,shared,0.09517268153471298,0.0,0.08949595200977557
two_module_rnn_25_sp09_nb2,study1_same_sub9,same,0.9,shared,0.10140512644090263,0.0,0.10951393495753872
two_module_rnn_25_sp09_nb2,study2_same_sub34,same,0.9,shared,0.07200720948155717,0.0,0.06696076863057539
two_module_rnn_25_sp09_nb2,study1_near_sub21,near,0.9,shared,0.021752321930843685,0.0,0.017257827060557146
two_module_rnn_25_sp09_nb2,study1_near_sub35,near,0.9,shared,0.11708534684729249,0.0,0.11681897026723069
two_module_rnn_25_sp09_nb2,study2_near_sub43,near,0.9,shared,0.07123777345939732,0.0,0.06389477027576629
two_module_rnn_25_sp09_nb2,study2_near_sub57,near,0.9,shared,0.09542453730453085,0.0,0.09964072631121176
two_module_rnn_25_task_routed_sp09_nb2,study1_same_sub43,same,0.9,task_routed,0.11851403267246091,0.26070883947247075,0.10994827557083242
two_module_rnn_25_task_routed_sp09_nb2,study1_same_sub9,same,0.9,task_routed,0.03216484873304626,0.0,0.06756649662190728
two_module_rnn_25_task_routed_sp09_nb2,study2_same_sub34,same,0.9,task_routed,0.13175702675502454,0.0,0.12936996221365968
two_module_rnn_25_task_routed_sp09_nb2,study1_near_sub21,near,0.9,task_routed,0.06286959455418445,0.4773735040995958,0.054621200588514676
two_module_rnn_25_task_routed_sp09_nb2,study1_near_sub35,near,0.9,task_routed,0.03492359128969156,0.10578303101232227,0.01517287168655082
two_module_rnn_25_task_routed_sp09_nb2,study2_near_sub43,near,0.9,task_routed,0.06167840318518916,0.0,0.07006290062442441
two_module_rnn_25_task_routed_sp09_nb2,study2_near_sub57,near,0.9,task_routed,0.12035220388074469,0.0,0.1130970454750335
two_module_rnn_25_sp01_nb2,study1_same_sub43,same,0.1,shared,0.03350111198704983,0.0,0.05434868525089685
two_module_rnn_25_sp01_nb2,study1_same_sub9,same,0.1,shared,0.1505295024200287,0.0,0.13700131475723554
two_module_rnn_25_sp01_nb2,study2_same_sub34,same,0.1,shared,0.03336685200030065,0.0,0.02242627574958432
two_module_rnn_25_sp01_nb2,study1_near_sub21,near,0.1,shared,0.012498563855587883,0.0,0.0010015165216505084
two_module_rnn_25_sp01_nb2,study1_near_sub34,near,0.1,shared,0.07803816484449479,0.0,0.08054142360058306
two_module_rnn_25_sp01_nb2,study1_near_sub35,near,0.1,shared,0.10776203310364213,0.0,0.1126774102110894
two_module_rnn_25_sp01_nb2,study2_near_sub43,near,0.1,shared,0.015633695465388772,0.0,0.025097036521656027
two_module_rnn_25_sp01_nb2,study2_near_sub57,near,0.1,shared,0.03665200914210555,0.0,0.04474239843712887
two_module_rnn_25_task_routed_sp01_nb2,study1_same_sub43,same,0.1,task_routed,0.1875592889765782,0.0,0.17381575006005115
two_module_rnn_25_task_routed_sp01_nb2,study1_same_sub9,same,0.1,task_routed,0.1883565932481282,1.642876705701564,0.1847627668053261
two_module_rnn_25_task_routed_sp01_nb2,study2_same_sub34,same,0.1,task_routed,0.1679639380095451,0.0,0.18952437383181414
two_module_rnn_25_task_routed_sp01_nb2,study1_near_sub21,near,0.1,task_routed,0.139846217745396,0.355449472184982,0.11788851200397282
two_module_rnn_25_task_routed_sp01_nb2,study1_near_sub35,near,0.1,task_routed,0.016549363339720596,0.0,0.029482030122022957
two_module_rnn_25_task_routed_sp01_nb2,study2_near_sub43,near,0.1,task_routed,0.12581475706578857,5.577962313147957,0.11612695155636728
two_module_rnn_25_task_routed_sp01_nb2,study2_near_sub57,near,0.1,task_routed,0.011394107586794846,0.46550675967984023,0.007890863691381405
