participant,index,task_section,feature_idx,stimID,taskID,feat_val,noisy_feedback_value,resp_reactiontime,dial_resp,resp_error,points,correct_afc,resp_left,click_reactiontime,aggregatePoints,debrief_tools,condition,block
study1_same_sub25,0,A1,0.0,3.0,0.0,5.558507659220965,5.335794805226701,6.178,3.2256333680330447,2.33287429118792,0,,,2.122,0,no,same,0
study1_same_sub25,1,A1,1.0,3.0,0.0,3.7965516973803943,3.8616653090444633,6.964,2.310239569548091,1.4863121278323033,0,,,2.818,0,no,same,0
study1_same_sub25,2,A1,0.0,8.0,0.0,0.6057310308945003,0.6755556812643098,3.592,2.004150175876928,1.3984191449824277,0,,,2.856,0,no,same,0
study1_same_sub25,3,A1,1.0,8.0,0.0,5.126960376233516,5.153967600464436,3.668,2.8049178342030663,2.3220425420304496,0,,,2.77,0,no,same,0
study1_same_sub25,4,A1,0.0,1.0,0.0,2.4219027189466256,2.5473442470856504,3.052,2.5609754401353197,0.1390727211886941,9,,,2.311,9,no,same,0
study1_same_sub25,5,A1,1.0,1.0,0.0,0.6599467571060558,0.6330447852855938,6.102,0.7514489479762644,0.0915021908702086,4,,,4.013,13,no,same,0
study1_same_sub25,6,A1,0.0,4.0,0.0,3.719708382998609,3.7656404359523745,5.522,3.988543183333204,0.2688348003345946,3,,,2.205,16,no,same,0
study1_same_sub25,7,A1,1.0,4.0,0.0,1.9577524211580393,1.73996147306357,2.457,2.4909048102124305,0.5331523890543912,0,,,1.714,16,no,same,0
study1_same_sub25,8,A1,0.0,7.0,0.0,4.460576705985832,4.513657478340759,3.081,5.044815285768787,0.584238579782955,0,,,2.577,16,no,same,0
study1_same_sub25,9,A1,1.0,7.0,0.0,2.6986207441452628,2.8708261258032777,3.088,2.1482012953058582,0.5504194488394045,0,,,2.229,16,no,same,0
study1_same_sub25,10,A1,0.0,5.0,0.0,1.815567851727327,1.9378274901753412,4.001,5.418588072812686,2.680165086094227,0,,,2.998,16,no,same,0
study1_same_sub25,11,A1,1.0,5.0,0.0,0.0536118898867563,,2.599,6.1432224861400515,0.193574710926291,3,,,1.826,19,no,same,0
study1_same_sub25,12,A1,0.0,8.0,0.0,0.6057310308945003,0.7419628430927684,2.874,2.571552189890083,1.9658211589955823,0,,,1.737,19,no,same,1
study1_same_sub25,13,A1,1.0,8.0,0.0,5.126960376233516,5.134489135190261,2.198,3.7839580445295304,1.3430023317039854,0,,,1.688,19,no,same,1
study1_same_sub25,14,A1,0.0,5.0,0.0,1.815567851727327,1.705007485672504,6.341,0.929664840153066,0.885903011574261,0,,,2.097,19,no,same,1
study1_same_sub25,15,A1,1.0,5.0,0.0,0.0536118898867563,,2.151,0.3097029445424562,0.2560910546556998,3,,,1.547,22,no,same,1
study1_same_sub25,16,A1,0.0,4.0,0.0,3.719708382998609,3.7605040897601234,3.382,5.246212939562216,1.5265045565636073,0,,,2.644,22,no,same,1
study1_same_sub25,17,A1,1.0,4.0,0.0,1.9577524211580393,2.0701285701226646,2.134,0.5252977796400651,1.4324546415179742,0,,,1.614,22,no,same,1
study1_same_sub25,18,A1,0.0,3.0,0.0,5.558507659220965,5.559620839899286,3.783,3.110961568671163,2.4475460905498014,0,,,3.09,22,no,same,1
study1_same_sub25,19,A1,1.0,3.0,0.0,3.7965516973803943,3.832918606800861,1.767,2.9632268789580753,0.833324818422319,0,,,1.19,22,no,same,1
study1_same_sub25,20,A1,0.0,7.0,0.0,4.460576705985832,4.506605461088381,2.916,0.4958147275373698,2.318423328731124,0,,,2.435,22,no,same,1
study1_same_sub25,21,A1,1.0,7.0,0.0,2.6986207441452628,2.7994954070190805,2.277,3.5700178975889334,0.8713971534436706,0,,,1.654,22,no,same,1
study1_same_sub25,22,A1,0.0,1.0,0.0,2.4219027189466256,2.4335595316109617,2.988,1.8537926244560596,0.5681100944905659,0,,,2.58,22,no,same,1
study1_same_sub25,23,A1,1.0,1.0,0.0,0.6599467571060558,0.6516831825953626,2.875,6.00861002573996,0.9345220385456816,0,,,2.416,22,no,same,1
study1_same_sub25,24,A1,0.0,3.0,0.0,5.558507659220965,5.72937870733851,2.1750000000000003,5.242441274333284,0.3160663848876801,1,,,1.718,23,no,same,2
study1_same_sub25,25,A1,1.0,3.0,0.0,3.7965516973803943,3.8759995783838206,1.907,2.8879185574511506,0.9086331399292438,0,,,1.418,23,no,same,2
study1_same_sub25,26,A1,0.0,7.0,0.0,4.460576705985832,4.53281372291291,2.212,1.5323537367737086,2.928222969212124,0,,,2.053,23,no,same,2
study1_same_sub25,27,A1,1.0,7.0,0.0,2.6986207441452628,2.630120542699684,2.139,2.0694734057179778,0.629147338427285,0,,,1.861,23,no,same,2
study1_same_sub25,28,A1,0.0,1.0,0.0,2.4219027189466256,2.34943558197296,2.512,0.987202217832414,1.4347005011142115,0,,,2.3040000000000003,23,no,same,2
study1_same_sub25,29,A1,1.0,1.0,0.0,0.6599467571060558,0.7634572885443862,1.504,3.768410703218824,3.108463946112769,0,,,0.992,23,no,same,2
study1_same_sub25,30,A1,0.0,4.0,0.0,3.719708382998609,3.851224140332087,2.535,2.4122286140263696,1.3074797689722395,0,,,2.348,23,no,same,2
study1_same_sub25,31,A1,1.0,4.0,0.0,1.9577524211580393,1.8505306802263917,1.784,0.9984875019535028,0.9592649192045366,0,,,1.447,23,no,same,2
study1_same_sub25,32,A1,0.0,5.0,0.0,1.815567851727327,1.671904063811564,2.155,4.814968832802984,2.9994009810756572,0,,,1.931,23,no,same,2
study1_same_sub25,33,A1,1.0,5.0,0.0,0.0536118898867563,,7.852,2.51053432357941,2.456922433692654,0,,,1.732,23,no,same,2
study1_same_sub25,34,A1,0.0,8.0,0.0,0.6057310308945003,0.6253976168135555,3.104,3.4633432079864352,2.857612177091935,0,,,2.862,23,no,same,2
study1_same_sub25,35,A1,1.0,8.0,0.0,5.126960376233516,5.012277104345932,1.361,2.180661335736048,2.946299040497468,0,,,1.206,23,no,same,2
study1_same_sub25,36,A1,0.0,1.0,0.0,2.4219027189466256,2.5320357092333157,2.53,4.005992714117644,1.5840899951710186,0,,,1.706,23,no,same,3
study1_same_sub25,37,A1,1.0,1.0,0.0,0.6599467571060558,0.5381656833040772,1.566,4.239835754408918,2.703296309876724,0,,,0.855,23,no,same,3
study1_same_sub25,38,A1,0.0,5.0,0.0,1.815567851727327,1.7780874150920003,2.273,5.99512986012896,2.1036232987779524,0,,,2.068,23,no,same,3
study1_same_sub25,39,A1,1.0,5.0,0.0,0.0536118898867563,,2.553,5.722284499927214,0.6145126971391282,0,,,2.459,23,no,same,3
study1_same_sub25,40,A1,0.0,8.0,0.0,0.6057310308945003,0.7728735918696303,3.931,3.738122182254454,3.1323911513599536,0,,,3.266,23,no,same,3
study1_same_sub25,41,A1,1.0,8.0,0.0,5.126960376233516,5.102163324424157,0.978,2.348561050674852,2.778399325558664,0,,,0.8310000000000001,23,no,same,3
study1_same_sub25,42,A1,0.0,7.0,0.0,4.460576705985832,4.408750965218436,2.041,3.911607415206646,0.5489692907791861,1,,,1.956,24,no,same,3
study1_same_sub25,43,A1,1.0,7.0,0.0,2.6986207441452628,2.525915472878289,1.406,1.712277926499823,0.98634281764544,0,,,1.279,24,no,same,3
study1_same_sub25,44,A1,0.0,3.0,0.0,5.558507659220965,5.804861976920392,1.884,5.662935821196765,0.1044281619758003,4,,,1.446,28,no,same,3
study1_same_sub25,45,A1,1.0,3.0,0.0,3.7965516973803943,3.9888556048778545,1.687,2.464298525424761,1.3322531719556334,0,,,1.571,28,no,same,3
study1_same_sub25,46,A1,0.0,4.0,0.0,3.719708382998609,3.8289415880747466,2.0420000000000003,0.7584895460146827,2.9612188369839263,0,,,2.026,28,no,same,3
study1_same_sub25,47,A1,1.0,4.0,0.0,1.9577524211580393,1.9480731259304984,2.087,2.7642931067459826,0.8065406855879433,0,,,1.536,28,no,same,3
study1_same_sub25,48,A1,0.0,1.0,0.0,2.4219027189466256,2.5680757034191792,2.938,6.004143808547949,2.700944217578263,0,,,2.04,28,no,same,4
study1_same_sub25,49,A1,1.0,1.0,0.0,0.6599467571060558,0.5574941756748157,1.013,3.6478243566967623,2.987877599590707,0,,,0.935,28,no,same,4
study1_same_sub25,50,A1,0.0,7.0,0.0,4.460576705985832,4.46367662040953,2.019,2.1026609026940593,2.357915803291773,0,,,1.971,28,no,same,4
study1_same_sub25,51,A1,1.0,7.0,0.0,2.6986207441452628,2.6240904260458366,0.527,2.4882023965572495,0.2104183475880132,4,,,0.434,32,no,same,4
study1_same_sub25,52,A1,0.0,4.0,0.0,3.719708382998609,3.775068491104304,2.498,5.591698464611682,1.8719900816130728,0,,,1.626,32,no,same,4
study1_same_sub25,53,A1,1.0,4.0,0.0,1.9577524211580393,2.085739603997374,1.174,0.7324026456333643,1.225349775524675,0,,,0.978,32,no,same,4
study1_same_sub25,54,A1,0.0,8.0,0.0,0.6057310308945003,0.7598046362667278,1.629,0.34711694082016,0.2586140900743403,2,,,1.573,34,no,same,4
study1_same_sub25,55,A1,1.0,8.0,0.0,5.126960376233516,5.186626822861754,1.493,3.446585000404198,1.680375375829318,0,,,1.366,34,no,same,4
study1_same_sub25,56,A1,0.0,3.0,0.0,5.558507659220965,5.535113711101336,2.685,5.894397545889547,0.335889886668582,2,,,2.638,36,no,same,4
study1_same_sub25,57,A1,1.0,3.0,0.0,3.7965516973803943,3.73961602764672,1.053,1.8600673324040384,1.936484364976356,0,,,0.879,36,no,same,4
study1_same_sub25,58,A1,0.0,5.0,0.0,1.815567851727327,1.7419138930342173,3.22,0.6965239885843404,1.1190438631429869,0,,,2.75,36,no,same,4
study1_same_sub25,59,A1,1.0,5.0,0.0,0.0536118898867563,,3.112,5.872509059019494,0.4642881380468484,2,,,1.471,38,no,same,4
study1_same_sub25,60,A1,0.0,1.0,0.0,2.4219027189466256,2.2556354499637625,2.199,5.593281247468196,3.1118067786580155,0,,,1.178,38,no,same,5
study1_same_sub25,61,A1,1.0,1.0,0.0,0.6599467571060558,0.6393623850215877,0.671,4.833604815378953,2.109527248906689,0,,,0.596,38,no,same,5
study1_same_sub25,62,A1,0.0,7.0,0.0,4.460576705985832,4.411188482206187,3.526,3.4956448939509817,0.9649318120348503,0,,,3.443,38,no,same,5
study1_same_sub25,63,A1,1.0,7.0,0.0,2.6986207441452628,2.8652948094213246,3.144,2.4908331574704023,0.2077875866748604,2,,,3.017,40,no,same,5
study1_same_sub25,64,A1,0.0,3.0,0.0,5.558507659220965,5.514218543485837,2.112,5.740912240913146,0.1824045816921815,3,,,1.528,43,no,same,5
study1_same_sub25,65,A1,1.0,3.0,0.0,3.7965516973803943,3.837472857020587,2.745,0.4144008187998405,2.9010344285990324,0,,,2.278,43,no,same,5
study1_same_sub25,66,A1,0.0,8.0,0.0,0.6057310308945003,0.534265879705947,3.713,5.112241212501317,1.776675125572769,0,,,3.25,43,no,same,5
study1_same_sub25,67,A1,1.0,8.0,0.0,5.126960376233516,5.1853524696165465,1.151,2.49121698360783,2.635743392625686,0,,,0.768,43,no,same,5
study1_same_sub25,68,A1,0.0,5.0,0.0,1.815567851727327,1.8247157746128544,6.213,0.5597433793456417,1.2558244723816854,0,,,1.798,43,no,same,5
study1_same_sub25,69,A1,1.0,5.0,0.0,0.0536118898867563,,0.993,4.050866884367555,2.2859303126987873,0,,,0.915,43,no,same,5
study1_same_sub25,70,A1,0.0,4.0,0.0,3.719708382998609,3.636525860601388,6.133,5.771788472748167,2.0520800897495577,0,,,4.4,43,no,same,5
study1_same_sub25,71,A1,1.0,4.0,0.0,1.9577524211580393,1.856564338380516,2.399,5.874696414106959,2.366241314230667,0,,,2.321,43,no,same,5
study1_same_sub25,72,A1,0.0,1.0,0.0,2.4219027189466256,2.520497465709844,1.607,0.9295525505106026,1.492350168436023,0,,,1.561,43,no,same,6
study1_same_sub25,73,A1,1.0,1.0,0.0,0.6599467571060558,0.7400500393485058,0.852,3.708321871113299,3.0483751140072437,0,,,0.718,43,no,same,6
study1_same_sub25,74,A1,0.0,5.0,0.0,1.815567851727327,1.902883575376328,1.679,5.9193272404179025,2.1794259184890112,0,,,1.323,43,no,same,6
study1_same_sub25,75,A1,1.0,5.0,0.0,0.0536118898867563,,0.774,5.9193272404179025,0.4174699566484401,2,,,0.773,45,no,same,6
study1_same_sub25,76,A1,0.0,8.0,0.0,0.6057310308945003,0.5981844028229221,2.06,3.512910927859,2.9071798969644997,0,,,1.598,45,no,same,6
study1_same_sub25,77,A1,1.0,8.0,0.0,5.126960376233516,5.085004564210085,1.044,3.864572006991284,1.262388369242232,0,,,0.968,45,no,same,6
study1_same_sub25,78,A1,0.0,4.0,0.0,3.719708382998609,3.7376880830661334,1.747,5.9838525212942795,2.2641441382956704,0,,,1.658,45,no,same,6
study1_same_sub25,79,A1,1.0,4.0,0.0,1.9577524211580393,1.9265030495168365,0.549,5.9838525212942795,2.257085207043346,0,,,0.45,45,no,same,6
study1_same_sub25,80,A1,0.0,7.0,0.0,4.460576705985832,4.316227095380539,1.3,0.6696389456766376,2.4922475468703915,0,,,1.201,45,no,same,6
study1_same_sub25,81,A1,1.0,7.0,0.0,2.6986207441452628,2.62804251141317,0.581,3.2497547316190327,0.55113398747377,0,,,0.491,45,no,same,6
study1_same_sub25,82,A1,0.0,3.0,0.0,5.558507659220965,5.771485836641976,1.13,3.8927989162578336,1.665708742963131,0,,,1.055,45,no,same,6
study1_same_sub25,83,A1,1.0,3.0,0.0,3.7965516973803943,3.753395618206239,1.302,3.545011686889605,0.2515400104907894,3,,,1.28,48,no,same,6
study1_same_sub25,84,A1,0.0,7.0,0.0,4.460576705985832,4.363015328661099,2.427,3.282709677150912,1.1778670288349202,0,,,2.26,48,no,same,7
study1_same_sub25,85,A1,1.0,7.0,0.0,2.6986207441452628,2.756960495069166,2.15,0.8742723382105562,1.8243484059347064,0,,,2.086,48,no,same,7
study1_same_sub25,86,A1,0.0,5.0,0.0,1.815567851727327,1.743220300711931,2.386,5.985327264204657,2.1134258947022566,0,,,2.348,48,no,same,7
study1_same_sub25,87,A1,1.0,5.0,0.0,0.0536118898867563,,2.036,5.672680875795172,0.6641163212711705,0,,,1.854,48,no,same,7
study1_same_sub25,88,A1,0.0,3.0,0.0,5.558507659220965,5.326011509011795,3.197,5.936350409598578,0.3778427503776136,0,,,3.139,48,no,same,7
study1_same_sub25,89,A1,1.0,3.0,0.0,3.7965516973803943,3.8344891296451697,1.04,3.551940915369267,0.2446107820111271,3,,,1.01,51,no,same,7
study1_same_sub25,90,A1,0.0,1.0,0.0,2.4219027189466256,2.39327654000264,2.58,1.2562920223781515,1.165610696568474,0,,,2.504,51,no,same,7
study1_same_sub25,91,A1,1.0,1.0,0.0,0.6599467571060558,0.7077303164898601,0.98,0.700788024453852,0.0408412673477962,10,,,0.977,61,no,same,7
study1_same_sub25,92,A1,0.0,8.0,0.0,0.6057310308945003,0.495194278846909,3.839,4.978884161064984,1.9100321770091016,0,,,3.751,61,no,same,7
study1_same_sub25,93,A1,1.0,8.0,0.0,5.126960376233516,5.121131344862145,1.37,3.7426664080875423,1.3842939681459736,0,,,1.312,61,no,same,7
study1_same_sub25,94,A1,0.0,4.0,0.0,3.719708382998609,3.6424868067587224,2.321,0.1925698600441136,2.75604678422509,0,,,2.281,61,no,same,7
study1_same_sub25,95,A1,1.0,4.0,0.0,1.9577524211580393,1.9642455875755196,0.429,2.969401839066854,1.011649417908815,0,,,0.385,61,no,same,7
study1_same_sub25,96,A1,0.0,7.0,0.0,4.460576705985832,4.529036786037725,2.337,6.003111342016539,1.542534636030707,0,,,2.076,61,no,same,8
study1_same_sub25,97,A1,1.0,7.0,0.0,2.6986207441452628,2.657063593991253,0.641,3.554502595645139,0.8558818514998761,0,,,0.604,61,no,same,8
study1_same_sub25,98,A1,0.0,5.0,0.0,1.815567851727327,1.8474332758087617,2.507,0.4610802205467936,1.3544876311805334,0,,,1.708,61,no,same,8
study1_same_sub25,99,A1,1.0,5.0,0.0,0.0536118898867563,,0.886,5.372739468671951,0.9640577283943914,0,,,0.771,61,no,same,8
study1_same_sub25,100,A1,0.0,3.0,0.0,5.558507659220965,5.67857236362315,1.703,5.936288276571848,0.3777806173508837,3,,,1.559,64,no,same,8
study1_same_sub25,101,A1,1.0,3.0,0.0,3.7965516973803943,3.8282474643531215,0.867,3.320947524652716,0.4756041727276785,1,,,0.765,65,no,same,8
study1_same_sub25,102,A1,0.0,4.0,0.0,3.719708382998609,3.813978170410392,1.866,0.1845069073008119,2.7479838314817893,0,,,1.848,65,no,same,8
study1_same_sub25,103,A1,1.0,4.0,0.0,1.9577524211580393,2.0555841061171782,0.621,0.67613047352008,1.2816219476379591,0,,,0.556,65,no,same,8
study1_same_sub25,104,A1,0.0,1.0,0.0,2.4219027189466256,2.400859827441923,3.892,5.207940653870518,2.786037934923893,0,,,3.865,65,no,same,8
study1_same_sub25,105,A1,1.0,1.0,0.0,0.6599467571060558,0.6374267933023985,0.8300000000000001,3.859395695934444,3.083736368351198,0,,,0.765,65,no,same,8
study1_same_sub25,106,A1,0.0,8.0,0.0,0.6057310308945003,0.5284497498774468,0.784,2.674432178476854,2.068701147582354,0,,,0.741,65,no,same,8
study1_same_sub25,107,A1,1.0,8.0,0.0,5.126960376233516,5.262719462311908,0.758,2.670952151583654,2.456008224649862,0,,,0.24,65,no,same,8
study1_same_sub25,108,A1,0.0,5.0,0.0,1.815567851727327,1.7918531279100378,2.536,0.4339533693938966,1.3816144823334304,0,,,1.041,65,no,same,9
study1_same_sub25,109,A1,1.0,5.0,0.0,0.0536118898867563,,1.622,0.7213350044019756,0.6677231145152193,0,,,1.499,65,no,same,9
study1_same_sub25,110,A1,0.0,3.0,0.0,5.558507659220965,5.51447442337532,2.065,5.692028139963542,0.1335204807425771,3,,,2.032,68,no,same,9
study1_same_sub25,111,A1,1.0,3.0,0.0,3.7965516973803943,3.681020055726059,0.788,3.740401752882103,0.0561499444982911,6,,,0.549,74,no,same,9
study1_same_sub25,112,A1,0.0,7.0,0.0,4.460576705985832,4.5118739411715145,3.784,5.0043917753543,0.5438150693684678,1,,,3.748,75,no,same,9
study1_same_sub25,113,A1,1.0,7.0,0.0,2.6986207441452628,2.619887373341783,1.059,1.9578743508148904,0.7407463933303722,0,,,0.993,75,no,same,9
study1_same_sub25,114,A1,0.0,1.0,0.0,2.4219027189466256,2.4277412614506964,1.534,0.3510308867424203,2.0708718322042055,0,,,1.472,75,no,same,9
study1_same_sub25,115,A1,1.0,1.0,0.0,0.6599467571060558,0.7808767960858882,0.55,3.7601979450660794,3.1002511879600236,0,,,0.515,75,no,same,9
study1_same_sub25,116,A1,0.0,4.0,0.0,3.719708382998609,3.651574052051922,5.139,4.1925658181712055,0.4728574351725965,0,,,2.992,75,no,same,9
study1_same_sub25,117,A1,1.0,4.0,0.0,1.9577524211580393,1.9728186788815136,2.511,4.917335637273411,2.959583216115372,0,,,2.473,75,no,same,9
study1_same_sub25,118,A1,0.0,8.0,0.0,0.6057310308945003,0.6423832799097682,1.661,0.2089398518218276,0.3967911790726726,2,,,1.605,77,no,same,9
study1_same_sub25,119,A1,1.0,8.0,0.0,5.126960376233516,5.058954735973321,0.79,3.118869292748152,2.008091083485364,0,,,0.727,77,no,same,9
study1_same_sub25,120,B,0.0,11.0,1.0,2.5899565218988574,2.749168332421276,1.52,4.7844290457715175,2.19447252387266,0,,,1.481,77,no,same,10
study1_same_sub25,121,B,1.0,11.0,1.0,0.8280005600582871,0.7473717177142926,0.974,0.3444548104869339,0.4835457495713532,2,,,0.926,79,no,same,10
study1_same_sub25,122,B,0.0,2.0,1.0,5.547552519532962,5.532152850661794,1.257,2.530376973274993,3.0171755462579695,0,,,1.247,79,no,same,10
study1_same_sub25,123,B,1.0,2.0,1.0,3.785596557692392,3.814532072411385,0.86,3.3777877588262784,0.4078087988661134,2,,,0.472,81,no,same,10
study1_same_sub25,124,B,0.0,10.0,1.0,4.6673228119557395,4.661816209416342,1.656,0.5940311665344358,2.209893661758283,0,,,1.569,81,no,same,10
study1_same_sub25,125,B,1.0,10.0,1.0,2.9053668501151684,2.866797681565319,0.6880000000000001,1.5016546392888266,1.4037122108263418,0,,,0.664,81,no,same,10
study1_same_sub25,126,B,0.0,6.0,1.0,0.9576042601189028,0.8581172713318971,1.543,3.758158914976121,2.8005546548572178,0,,,1.543,81,no,same,10
study1_same_sub25,127,B,1.0,6.0,1.0,5.478833605457918,5.544603029990797,0.332,3.415933505089195,2.0629001003687235,0,,,0.299,81,no,same,10
study1_same_sub25,128,B,0.0,9.0,1.0,1.588246985274535,1.650382125129766,1.421,2.580171675305849,0.9919246900313144,0,,,1.14,81,no,same,10
study1_same_sub25,129,B,1.0,9.0,1.0,6.109476330613551,,0.597,0.0949517063427563,0.2686606829087923,3,,,0.562,84,no,same,10
study1_same_sub25,130,B,0.0,0.0,1.0,3.3704765725905292,3.346382553325906,1.178,5.729330914707789,2.3588543421172594,0,,,1.112,84,no,same,10
study1_same_sub25,131,B,1.0,0.0,1.0,1.6085206107499594,1.6489629125261267,1.252,4.160559660340475,2.5520390495905154,0,,,1.093,84,no,same,10
study1_same_sub25,132,B,0.0,6.0,1.0,0.9576042601189028,0.8975502762353036,3.158,1.1381946400381138,0.180590379919211,3,,,3.129,87,no,same,11
study1_same_sub25,133,B,1.0,6.0,1.0,5.478833605457918,5.520912921659338,0.856,3.1886782444700135,2.290155360987905,0,,,0.793,87,no,same,11
study1_same_sub25,134,B,0.0,2.0,1.0,5.547552519532962,5.554190489369904,1.992,3.789404080516891,1.7581484390160704,0,,,1.877,87,no,same,11
study1_same_sub25,135,B,1.0,2.0,1.0,3.785596557692392,3.7382245482391143,1.047,2.229464203200624,1.5561323544917678,0,,,0.966,87,no,same,11
study1_same_sub25,136,B,0.0,11.0,1.0,2.5899565218988574,2.4013651244846583,0.6880000000000001,0.7039461190915773,1.88601040280728,0,,,0.596,87,no,same,11
study1_same_sub25,137,B,1.0,11.0,1.0,0.8280005600582871,0.8436202342881095,1.998,0.0633158316426958,0.7646847284155913,0,,,0.776,87,no,same,11
study1_same_sub25,138,B,0.0,10.0,1.0,4.6673228119557395,4.767751821377221,0.965,5.4805143895823605,0.813191577626621,0,,,0.853,87,no,same,11
study1_same_sub25,139,B,1.0,10.0,1.0,2.9053668501151684,2.984153158190296,1.756,4.0287656163220875,1.1233987662069191,0,,,1.43,87,no,same,11
study1_same_sub25,140,B,0.0,0.0,1.0,3.3704765725905292,3.4460153842520107,0.928,2.335636639107386,1.034839933483143,0,,,0.8160000000000001,87,no,same,11
study1_same_sub25,141,B,1.0,0.0,1.0,1.6085206107499594,1.523546869211872,1.238,0.2301349491052303,1.378385661644729,0,,,0.913,87,no,same,11
study1_same_sub25,142,B,0.0,9.0,1.0,1.588246985274535,1.49115529390495,0.438,5.626171507372973,2.2452607850811477,0,,,0.302,87,no,same,11
study1_same_sub25,143,B,1.0,9.0,1.0,6.109476330613551,,0.716,4.418668465947894,1.6908078646656568,0,,,0.351,87,no,same,11
study1_same_sub25,144,B,0.0,10.0,1.0,4.6673228119557395,4.698671085328916,1.542,3.307216842143093,1.3601059698126463,0,,,1.301,87,no,same,12
study1_same_sub25,145,B,1.0,10.0,1.0,2.9053668501151684,3.073349433992401,1.032,1.630048920458329,1.275317929656839,0,,,0.978,87,no,same,12
study1_same_sub25,146,B,0.0,11.0,1.0,2.5899565218988574,2.6603502593513584,0.538,0.3735694553004655,2.216387066598392,0,,,0.451,87,no,same,12
study1_same_sub25,147,B,1.0,11.0,1.0,0.8280005600582871,0.8782988124701311,0.85,5.921322500814716,1.1898633664231577,0,,,0.32,87,no,same,12
study1_same_sub25,148,B,0.0,6.0,1.0,0.9576042601189028,0.8608262310185242,0.526,5.3816455169021475,1.859144050396342,0,,,0.435,87,no,same,12
study1_same_sub25,149,B,1.0,6.0,1.0,5.478833605457918,5.532054246495371,0.317,4.706909583167985,0.7719240222899337,0,,,0.248,87,no,same,12
study1_same_sub25,150,B,0.0,2.0,1.0,5.547552519532962,5.443828970368733,1.159,4.593274684665356,0.9542778348676064,0,,,1.091,87,no,same,12
study1_same_sub25,151,B,1.0,2.0,1.0,3.785596557692392,3.6831958690549977,0.708,4.128268344914644,0.342671787222252,2,,,0.342,89,no,same,12
study1_same_sub25,152,B,0.0,0.0,1.0,3.3704765725905292,3.400471194621125,1.94,0.1341752003629025,3.0468839349519596,0,,,1.692,89,no,same,12
study1_same_sub25,153,B,1.0,0.0,1.0,1.6085206107499594,1.6665289663729412,1.031,2.187444387772044,0.5789237770220845,1,,,0.973,90,no,same,12
study1_same_sub25,154,B,0.0,9.0,1.0,1.588246985274535,1.595241324903965,2.174,1.0857616049423608,0.5024853803321738,1,,,1.899,91,no,same,12
study1_same_sub25,155,B,1.0,9.0,1.0,6.109476330613551,,1.201,0.0029761816888267,0.1766851582548625,4,,,1.172,95,no,same,12
study1_same_sub25,156,B,0.0,11.0,1.0,2.5899565218988574,2.58785997001502,3.25,6.176638456280473,2.696503372797971,0,,,3.094,95,no,same,13
study1_same_sub25,157,B,1.0,11.0,1.0,0.8280005600582871,0.8392821829837037,0.406,3.7348386547770898,2.9068380947188026,0,,,0.224,95,no,same,13
study1_same_sub25,158,B,0.0,9.0,1.0,1.588246985274535,1.510583432909242,0.798,4.591765311804586,3.0035183265300516,0,,,0.761,95,no,same,13
study1_same_sub25,159,B,1.0,9.0,1.0,6.109476330613551,,0.42,4.591765311804586,1.5177110188089644,0,,,0.366,95,no,same,13
study1_same_sub25,160,B,0.0,2.0,1.0,5.547552519532962,5.426679384426575,1.997,4.6855857493534465,0.8619667701795155,0,,,1.964,95,no,same,13
study1_same_sub25,161,B,1.0,2.0,1.0,3.785596557692392,3.7960559149333,0.46,4.487055486107174,0.7014589284147821,0,,,0.38,95,no,same,13
study1_same_sub25,162,B,0.0,10.0,1.0,4.6673228119557395,4.544422882961168,2.581,2.5617440576109245,2.105578754344815,0,,,2.532,95,no,same,13
study1_same_sub25,163,B,1.0,10.0,1.0,2.9053668501151684,3.0002528882395785,0.299,2.5617440576109245,0.3436227925042439,2,,,0.156,97,no,same,13
study1_same_sub25,164,B,0.0,6.0,1.0,0.9576042601189028,0.9874497524050024,1.642,4.901126747904823,2.339662819393666,0,,,1.621,97,no,same,13
study1_same_sub25,165,B,1.0,6.0,1.0,5.478833605457918,5.519496996474355,0.681,4.316732247397555,1.1621013580603634,0,,,0.628,97,no,same,13
study1_same_sub25,166,B,0.0,0.0,1.0,3.3704765725905292,3.4987906112560525,1.812,1.73163674939059,1.6388398231999393,0,,,1.712,97,no,same,13
study1_same_sub25,167,B,1.0,0.0,1.0,1.6085206107499594,1.776117212751413,1.541,5.780084497081741,2.111621420847805,0,,,1.479,97,no,same,13
study1_same_sub25,168,B,0.0,9.0,1.0,1.588246985274535,1.6092878607009375,1.193,3.837323649513335,2.2490766642388005,0,,,1.145,97,no,same,14
study1_same_sub25,169,B,1.0,9.0,1.0,6.109476330613551,,0.545,3.7126101846261466,2.396866145987404,0,,,0.475,97,no,same,14
study1_same_sub25,170,B,0.0,10.0,1.0,4.6673228119557395,4.785959275942741,2.192,2.200409439657214,2.4669133722985257,0,,,2.13,97,no,same,14
study1_same_sub25,171,B,1.0,10.0,1.0,2.9053668501151684,3.0306275867277854,0.514,5.858171831558254,2.9528049814430855,0,,,0.45,97,no,same,14
study1_same_sub25,172,B,0.0,0.0,1.0,3.3704765725905292,3.3245299566208075,0.587,4.024791011264114,0.6543144386735844,0,,,0.553,97,no,same,14
study1_same_sub25,173,B,1.0,0.0,1.0,1.6085206107499594,1.55366425012744,0.708,0.549933484611689,1.0585871261382704,0,,,0.651,97,no,same,14
study1_same_sub25,174,B,0.0,2.0,1.0,5.547552519532962,5.504822204461376,0.887,6.03037901527783,0.4828264957448676,0,,,0.807,97,no,same,14
study1_same_sub25,175,B,1.0,2.0,1.0,3.785596557692392,3.812275209043536,0.999,4.1212638264861745,0.3356672687937827,2,,,0.911,99,no,same,14
study1_same_sub25,176,B,0.0,11.0,1.0,2.5899565218988574,2.696531114146213,0.621,3.7986675893014463,1.2087110674025894,0,,,0.502,99,no,same,14
study1_same_sub25,177,B,1.0,11.0,1.0,0.8280005600582871,0.8754032054621687,0.518,4.760480213699242,2.3507056535386317,0,,,0.445,99,no,same,14
study1_same_sub25,178,B,0.0,6.0,1.0,0.9576042601189028,0.7310221099575875,0.489,5.8399185688208055,1.400870998477684,0,,,0.387,99,no,same,14
study1_same_sub25,179,B,1.0,6.0,1.0,5.478833605457918,5.532071947841219,0.939,1.5910833982577666,2.3954350999794345,0,,,0.865,99,no,same,14
study1_same_sub25,180,B,0.0,10.0,1.0,4.6673228119557395,4.545923854840154,0.543,2.8632929945846817,1.8040298173710576,0,,,0.454,99,no,same,15
study1_same_sub25,181,B,1.0,10.0,1.0,2.9053668501151684,2.7164436545248725,0.553,3.3548252289790153,0.4494583788638469,0,,,0.526,99,no,same,15
study1_same_sub25,182,B,0.0,11.0,1.0,2.5899565218988574,2.5096871706967976,1.106,4.422453482907661,1.832496961008804,0,,,1.061,99,no,same,15
study1_same_sub25,183,B,1.0,11.0,1.0,0.8280005600582871,0.8238433557229208,2.43,4.422453482907661,2.688732384330212,0,,,1.861,99,no,same,15
study1_same_sub25,184,B,0.0,0.0,1.0,3.3704765725905292,3.272542875821016,0.639,5.937049343610226,2.5665727710196964,0,,,0.558,99,no,same,15
study1_same_sub25,185,B,1.0,0.0,1.0,1.6085206107499594,1.6018950303603214,0.546,2.7485346344078607,1.1400140236579013,0,,,0.508,99,no,same,15
study1_same_sub25,186,B,0.0,2.0,1.0,5.547552519532962,5.487499997283015,1.187,3.45202950447983,2.095523015053132,0,,,1.12,99,no,same,15
study1_same_sub25,187,B,1.0,2.0,1.0,3.785596557692392,3.8449000013575407,1.214,4.452288596627306,0.6666920389349142,0,,,0.988,99,no,same,15
study1_same_sub25,188,B,0.0,9.0,1.0,1.588246985274535,1.6816615702802695,0.423,4.187224884626008,2.598977899351473,0,,,0.24,99,no,same,15
study1_same_sub25,189,B,1.0,9.0,1.0,6.109476330613551,,0.659,4.798429401295661,1.3110469293178897,0,,,0.489,99,no,same,15
study1_same_sub25,190,B,0.0,6.0,1.0,0.9576042601189028,1.0763337169639218,5.133,5.606633592829217,1.6341559744692713,0,,,4.8580000000000005,99,no,same,15
study1_same_sub25,191,B,1.0,6.0,1.0,5.478833605457918,5.412349063072618,0.408,4.636034974589959,0.8427986308679589,0,,,0.366,99,no,same,15
study1_same_sub25,192,B,0.0,9.0,1.0,1.588246985274535,1.7078681805859657,1.374,3.359644125013035,1.7713971397385002,0,,,1.246,99,no,same,16
study1_same_sub25,193,B,1.0,9.0,1.0,6.109476330613551,,0.514,2.2309279188698232,2.404636895435859,0,,,0.35,99,no,same,16
study1_same_sub25,194,B,0.0,0.0,1.0,3.3704765725905292,3.2548546301451484,2.002,4.68960090300159,1.3191243304110611,0,,,1.92,99,no,same,16
study1_same_sub25,195,B,1.0,0.0,1.0,1.6085206107499594,1.5720664143765852,0.519,5.441317031371579,2.450388886557967,0,,,0.473,99,no,same,16
study1_same_sub25,196,B,0.0,10.0,1.0,4.6673228119557395,4.578813823278884,2.343,4.734607545711409,0.0672847337556694,4,,,2.294,103,no,same,16
study1_same_sub25,197,B,1.0,10.0,1.0,2.9053668501151684,2.984945664690925,2.359,3.147598587380929,0.2422317372657607,4,,,1.967,107,no,same,16
study1_same_sub25,198,B,0.0,2.0,1.0,5.547552519532962,5.710696501726675,1.628,5.180993178286258,0.3665593412467043,0,,,1.443,107,no,same,16
study1_same_sub25,199,B,1.0,2.0,1.0,3.785596557692392,3.8038583003046065,0.373,5.0172822142602245,1.231685656567833,0,,,0.32,107,no,same,16
study1_same_sub25,200,B,0.0,11.0,1.0,2.5899565218988574,2.7347692303233493,1.058,4.301923115820923,1.7119665939220656,0,,,0.903,107,no,same,16
study1_same_sub25,201,B,1.0,11.0,1.0,0.8280005600582871,0.8600326832884398,3.7,6.139670131010329,0.971515736227544,0,,,3.611,107,no,same,16
study1_same_sub25,202,B,0.0,6.0,1.0,0.9576042601189028,1.0004154989297618,1.767,0.6249632557835822,0.3326410043353205,2,,,1.657,109,no,same,16
study1_same_sub25,203,B,1.0,6.0,1.0,5.478833605457918,5.588348948149244,0.898,2.673078902949688,2.8057547025082306,0,,,0.7000000000000001,109,no,same,16
study1_same_sub25,204,B,0.0,2.0,1.0,5.547552519532962,5.341282450858797,0.937,3.2717714945915626,2.275781024941399,0,,,0.759,109,no,same,17
study1_same_sub25,205,B,1.0,2.0,1.0,3.785596557692392,3.5468012020961663,0.999,4.015686713259843,0.230090155567451,2,,,0.898,111,no,same,17
study1_same_sub25,206,B,0.0,6.0,1.0,0.9576042601189028,0.9631213725768212,1.1,3.9151336651823665,2.9575294050634637,0,,,0.936,111,no,same,17
study1_same_sub25,207,B,1.0,6.0,1.0,5.478833605457918,5.479092197377729,0.508,4.0972027422727155,1.3816308631852028,0,,,0.286,111,no,same,17
study1_same_sub25,208,B,0.0,0.0,1.0,3.3704765725905292,3.4023344329780434,0.583,5.178597403249968,1.8081208306594392,0,,,0.423,111,no,same,17
study1_same_sub25,209,B,1.0,0.0,1.0,1.6085206107499594,1.5912707399246675,0.757,5.040127487165245,2.8515784307643006,0,,,0.6910000000000001,111,no,same,17
study1_same_sub25,210,B,0.0,11.0,1.0,2.5899565218988574,2.577773515881898,0.616,0.0027322336383384,2.587224288260519,0,,,0.51,111,no,same,17
study1_same_sub25,211,B,1.0,11.0,1.0,0.8280005600582871,0.7149916577020833,0.562,2.641801191000582,1.813800630942295,0,,,0.485,111,no,same,17
study1_same_sub25,212,B,0.0,10.0,1.0,4.6673228119557395,4.681081904740251,0.558,3.4537197080551287,1.2136031039006108,0,,,0.475,111,no,same,17
study1_same_sub25,213,B,1.0,10.0,1.0,2.9053668501151684,2.8419889689425957,0.58,1.871348643585462,1.0340182065297063,0,,,0.557,111,no,same,17
study1_same_sub25,214,B,0.0,9.0,1.0,1.588246985274535,1.5276107587920802,1.63,2.6454452811215887,1.057198295847054,0,,,1.276,111,no,same,17
study1_same_sub25,215,B,1.0,9.0,1.0,6.109476330613551,,0.706,3.3900800742471957,2.719396256366355,0,,,0.5730000000000001,111,no,same,17
study1_same_sub25,216,B,0.0,6.0,1.0,0.9576042601189028,0.9471419097859244,1.422,5.877190174523548,1.3635993927749404,0,,,1.211,111,no,same,18
study1_same_sub25,217,B,1.0,6.0,1.0,5.478833605457918,5.491920071051214,0.409,4.741116707130919,0.7377168983269993,0,,,0.335,111,no,same,18
study1_same_sub25,218,B,0.0,9.0,1.0,1.588246985274535,1.551198298268298,0.917,5.235064114308906,2.636368178145215,0,,,0.6990000000000001,111,no,same,18
study1_same_sub25,219,B,1.0,9.0,1.0,6.109476330613551,,0.198,3.867800778059121,2.2416755525544296,0,,,0.192,111,no,same,18
study1_same_sub25,220,B,0.0,11.0,1.0,2.5899565218988574,2.753256617657599,0.849,3.651778434168482,1.0618219122696244,0,,,0.761,111,no,same,18
study1_same_sub25,221,B,1.0,11.0,1.0,0.8280005600582871,0.7327433250577162,1.196,3.666643527275183,2.838642967216896,0,,,0.95,111,no,same,18
study1_same_sub25,222,B,0.0,0.0,1.0,3.3704765725905292,3.3166923306544436,0.755,2.444719908916361,0.9257566636741684,0,,,0.671,111,no,same,18
study1_same_sub25,223,B,1.0,0.0,1.0,1.6085206107499594,1.6501792863455491,1.482,4.900610485689461,2.991095432240085,0,,,1.283,111,no,same,18
study1_same_sub25,224,B,0.0,10.0,1.0,4.6673228119557395,4.568018411455475,0.811,4.909244291772814,0.2419214798170745,2,,,0.778,113,no,same,18
study1_same_sub25,225,B,1.0,10.0,1.0,2.9053668501151684,2.9992799236478143,0.661,1.650729013544053,1.254637836571115,0,,,0.547,113,no,same,18
study1_same_sub25,226,B,0.0,2.0,1.0,5.547552519532962,5.582132125560302,1.114,0.6677451715783445,1.4033779592249689,0,,,1.06,113,no,same,18
study1_same_sub25,227,B,1.0,2.0,1.0,3.785596557692392,4.004713777966318,1.484,1.118912880943849,2.6666836767485425,0,,,1.365,113,no,same,18
study1_same_sub25,228,B,0.0,6.0,1.0,0.9576042601189028,1.0064488701617078,2.085,4.707098024466289,2.5336915428322,0,,,1.994,113,no,same,19
study1_same_sub25,229,B,1.0,6.0,1.0,5.478833605457918,5.423304817167123,0.413,4.624220368548124,0.8546132369097945,0,,,0.384,113,no,same,19
study1_same_sub25,230,B,0.0,2.0,1.0,5.547552519532962,5.574307714764044,0.661,1.1976933046379157,1.93332609228454,0,,,0.594,113,no,same,19
study1_same_sub25,231,B,1.0,2.0,1.0,3.785596557692392,3.723488962566157,0.5750000000000001,2.224606348734424,1.5609902089579677,0,,,0.509,113,no,same,19
study1_same_sub25,232,B,0.0,9.0,1.0,1.588246985274535,1.4309684957205302,0.936,3.3165800117429716,1.728333026468437,0,,,0.84,113,no,same,19
study1_same_sub25,233,B,1.0,9.0,1.0,6.109476330613551,,0.5760000000000001,4.124386376837122,1.9850899537764288,0,,,0.517,113,no,same,19
study1_same_sub25,234,B,0.0,0.0,1.0,3.3704765725905292,3.3140045127800843,1.517,5.042542698328979,1.6720661257384497,0,,,1.457,113,no,same,19
study1_same_sub25,235,B,1.0,0.0,1.0,1.6085206107499594,1.7245185477472351,0.452,5.668791317058359,2.222914600871187,0,,,0.361,113,no,same,19
study1_same_sub25,236,B,0.0,10.0,1.0,4.6673228119557395,4.795254097984987,2.89,4.778408597863367,0.111085785907627,8,,,1.352,121,no,same,19
study1_same_sub25,237,B,1.0,10.0,1.0,2.9053668501151684,2.909335584101675,2.0340000000000003,2.635642254318717,0.2697245957964513,3,,,1.697,124,no,same,19
study1_same_sub25,238,B,0.0,11.0,1.0,2.5899565218988574,2.468550036745394,0.962,1.600027764167117,0.9899287577317404,0,,,0.894,124,no,same,19
study1_same_sub25,239,B,1.0,11.0,1.0,0.8280005600582871,0.6186690174319895,0.633,3.2827527886515964,2.454752228593309,0,,,0.587,124,no,same,19
study1_same_sub25,240,A2,0.0,3.0,0.0,5.558507659220965,5.471618050120767,1.702,5.529149406202979,0.0293582530179854,6,,,1.495,130,no,same,20
study1_same_sub25,241,A2,1.0,3.0,0.0,3.7965516973803943,,0.462,4.081811223169755,0.2852595257893604,3,,,0.304,133,no,same,20
study1_same_sub25,242,A2,0.0,7.0,0.0,4.460576705985832,4.420663466400555,0.894,4.717624534641097,0.2570478286552653,2,,,0.8230000000000001,135,no,same,20
study1_same_sub25,243,A2,1.0,7.0,0.0,2.6986207441452628,,0.976,6.249010583563392,2.7327954677614574,0,,,0.91,135,no,same,20
study1_same_sub25,244,A2,0.0,4.0,0.0,3.719708382998609,3.609724798890295,1.401,0.4038387856212752,2.967315709802252,0,,,0.955,135,no,same,20
study1_same_sub25,245,A2,1.0,4.0,0.0,1.9577524211580393,,0.6880000000000001,1.7643094879594832,0.1934429331985561,2,,,0.5660000000000001,137,no,same,20
study1_same_sub25,246,A2,0.0,1.0,0.0,2.4219027189466256,2.5583017157722385,1.154,0.8803498697402046,1.541552849206421,0,,,1.01,137,no,same,20
study1_same_sub25,247,A2,1.0,1.0,0.0,0.6599467571060558,,0.5660000000000001,4.301459531615997,2.641672532669645,0,,,0.491,137,no,same,20
study1_same_sub25,248,A2,0.0,8.0,0.0,0.6057310308945003,0.6636072523817942,1.009,5.160924389798864,1.727991948275223,0,,,0.8160000000000001,137,no,same,20
study1_same_sub25,249,A2,1.0,8.0,0.0,5.126960376233516,,0.757,4.664297747070138,0.4626626291633782,3,,,0.675,140,no,same,20
study1_same_sub25,250,A2,0.0,5.0,0.0,1.815567851727327,1.6265843636298003,1.703,5.814611629650357,2.2841415292565563,0,,,1.605,140,no,same,20
study1_same_sub25,251,A2,1.0,5.0,0.0,0.0536118898867563,,1.13,3.20401146358575,3.1327857334805924,0,,,1.074,140,no,same,20
study1_same_sub25,252,A2,0.0,7.0,0.0,4.460576705985832,4.394623669322094,1.993,4.427846288276944,0.0327304177088878,7,,,1.782,147,no,same,21
study1_same_sub25,253,A2,1.0,7.0,0.0,2.6986207441452628,,1.168,1.001574384895551,1.6970463592497118,0,,,1.121,147,no,same,21
study1_same_sub25,254,A2,0.0,8.0,0.0,0.6057310308945003,0.6848448292594689,1.479,6.08379771809211,0.8051186199819771,0,,,1.308,147,no,same,21
study1_same_sub25,255,A2,1.0,8.0,0.0,5.126960376233516,,0.5730000000000001,5.362856750316092,0.2358963740825759,4,,,0.539,151,no,same,21
study1_same_sub25,256,A2,0.0,5.0,0.0,1.815567851727327,1.6790427888716375,1.405,3.8188006960710874,2.0032328443437604,0,,,1.25,151,no,same,21
study1_same_sub25,257,A2,1.0,5.0,0.0,0.0536118898867563,,0.918,2.837442963754911,2.7838310738681544,0,,,0.835,151,no,same,21
study1_same_sub25,258,A2,0.0,3.0,0.0,5.558507659220965,5.526266605398143,1.603,5.6846646843016035,0.1261570250806389,4,,,1.493,155,no,same,21
study1_same_sub25,259,A2,1.0,3.0,0.0,3.7965516973803943,,1.23,2.940386551486551,0.8561651458938435,0,,,1.14,155,no,same,21
study1_same_sub25,260,A2,0.0,1.0,0.0,2.4219027189466256,2.6220497747496405,1.722,1.483202347208055,0.9387003717385703,0,,,1.564,155,no,same,21
study1_same_sub25,261,A2,1.0,1.0,0.0,0.6599467571060558,,1.666,4.736708509064718,2.2064235552209244,0,,,1.276,155,no,same,21
study1_same_sub25,262,A2,0.0,4.0,0.0,3.719708382998609,3.652944736551068,1.165,6.106765691363728,2.387057308365119,0,,,1.12,155,no,same,21
study1_same_sub25,263,A2,1.0,4.0,0.0,1.9577524211580393,,1.508,5.817116395404534,2.423821332933091,0,,,1.449,155,no,same,21
study1_same_sub25,264,A2,0.0,8.0,0.0,0.6057310308945003,0.6071128500159952,0.945,2.3063356464860014,1.7006046155915011,0,,,0.853,155,no,same,22
study1_same_sub25,265,A2,1.0,8.0,0.0,5.126960376233516,,0.514,2.623841725044215,2.503118651189301,0,,,0.447,155,no,same,22
study1_same_sub25,266,A2,0.0,1.0,0.0,2.4219027189466256,2.4613217701200227,1.385,2.559399715978233,0.1374969970316075,5,,,1.304,160,no,same,22
study1_same_sub25,267,A2,1.0,1.0,0.0,0.6599467571060558,,1.169,4.692728592543562,2.2504034717420804,0,,,1.043,160,no,same,22
study1_same_sub25,268,A2,0.0,4.0,0.0,3.719708382998609,3.752103955194402,1.527,0.0733589352382398,2.636835859419217,0,,,1.466,160,no,same,22
study1_same_sub25,269,A2,1.0,4.0,0.0,1.9577524211580393,,2.268,0.0132618219364135,1.9444905992216257,0,,,2.203,160,no,same,22
study1_same_sub25,270,A2,0.0,7.0,0.0,4.460576705985832,4.339856022972396,1.449,4.570883009061331,0.1103063030754984,3,,,1.431,163,no,same,22
study1_same_sub25,271,A2,1.0,7.0,0.0,2.6986207441452628,,0.791,1.628702532043004,1.0699182121022588,0,,,0.736,163,no,same,22
study1_same_sub25,272,A2,0.0,3.0,0.0,5.558507659220965,5.575560835829937,1.548,5.738451769823784,0.1799441106028192,4,,,1.323,167,no,same,22
study1_same_sub25,273,A2,1.0,3.0,0.0,3.7965516973803943,,1.164,3.3748071535668984,0.4217445438134959,2,,,1.094,169,no,same,22
study1_same_sub25,274,A2,0.0,5.0,0.0,1.815567851727327,1.7630130425704056,2.71,0.8567056281827385,0.9588622235445884,0,,,2.611,169,no,same,22
study1_same_sub25,275,A2,1.0,5.0,0.0,0.0536118898867563,,1.949,5.410786223055295,0.9260109740110476,0,,,1.889,169,no,same,22
study1_same_sub25,276,A2,0.0,4.0,0.0,3.719708382998609,3.7502889913093,1.078,3.446485887465328,0.2732224955332811,2,,,1.046,171,no,same,23
study1_same_sub25,277,A2,1.0,4.0,0.0,1.9577524211580393,,0.989,2.1010884762612125,0.1433360551031732,5,,,0.908,176,no,same,23
study1_same_sub25,278,A2,0.0,3.0,0.0,5.558507659220965,5.520585893850073,1.575,5.708296705909494,0.1497890466885296,3,,,1.461,179,no,same,23
study1_same_sub25,279,A2,1.0,3.0,0.0,3.7965516973803943,,0.992,2.0835001536466775,1.7130515437337168,0,,,0.861,179,no,same,23
study1_same_sub25,280,A2,0.0,8.0,0.0,0.6057310308945003,0.6584526532081381,2.061,2.9773707599691335,2.371639729074633,0,,,2.011,179,no,same,23
study1_same_sub25,281,A2,1.0,8.0,0.0,5.126960376233516,,1.902,3.3982363741056463,1.7287240021278696,0,,,1.865,179,no,same,23
study1_same_sub25,282,A2,0.0,5.0,0.0,1.815567851727327,1.9221704877069088,1.368,1.3679123478502566,0.4476555038770704,0,,,1.307,179,no,same,23
study1_same_sub25,283,A2,1.0,5.0,0.0,0.0536118898867563,,0.791,5.3828362607155205,0.953960936350822,0,,,0.788,179,no,same,23
study1_same_sub25,284,A2,0.0,1.0,0.0,2.4219027189466256,2.4575629151332534,2.438,0.6281933925978045,1.793709326348821,0,,,2.402,179,no,same,23
study1_same_sub25,285,A2,1.0,1.0,0.0,0.6599467571060558,,2.148,5.521038766592601,1.4220932976930412,0,,,2.092,179,no,same,23
study1_same_sub25,286,A2,0.0,7.0,0.0,4.460576705985832,4.401850594761638,1.357,1.8241605376010357,2.6364161683847964,0,,,1.193,179,no,same,23
study1_same_sub25,287,A2,1.0,7.0,0.0,2.6986207441452628,,0.618,2.366214194951345,0.3324065491939176,3,,,0.596,182,no,same,23
study1_same_sub25,288,A2,0.0,3.0,0.0,5.558507659220965,5.509783576831679,1.864,5.501560710776073,0.0569469484448914,10,,,1.78,192,no,same,24
study1_same_sub25,289,A2,1.0,3.0,0.0,3.7965516973803943,,1.046,2.2451151500059523,1.551436547374442,0,,,0.948,192,no,same,24
study1_same_sub25,290,A2,0.0,1.0,0.0,2.4219027189466256,2.286021917525612,1.473,0.4064185026561454,2.01548421629048,0,,,1.428,192,no,same,24
study1_same_sub25,291,A2,1.0,1.0,0.0,0.6599467571060558,,0.667,2.2472228974261785,1.5872761403201228,0,,,0.626,192,no,same,24
study1_same_sub25,292,A2,0.0,8.0,0.0,0.6057310308945003,0.6543766199018453,1.807,4.094886740237616,2.79402959783647,0,,,1.562,192,no,same,24
study1_same_sub25,293,A2,1.0,8.0,0.0,5.126960376233516,,0.967,6.261968332279739,1.1350079560462234,0,,,0.9,192,no,same,24
study1_same_sub25,294,A2,0.0,7.0,0.0,4.460576705985832,4.382099998930448,1.373,2.895979875138918,1.5645968308469145,0,,,1.274,192,no,same,24
study1_same_sub25,295,A2,1.0,7.0,0.0,2.6986207441452628,,0.67,4.350301572690961,1.6516808285456983,0,,,0.657,192,no,same,24
study1_same_sub25,296,A2,0.0,5.0,0.0,1.815567851727327,1.7976021453812066,2.586,2.0550359904087423,0.2394681386814152,3,,,2.509,195,no,same,24
study1_same_sub25,297,A2,1.0,5.0,0.0,0.0536118898867563,,0.928,5.771226262911136,0.5655709341552067,0,,,0.903,195,no,same,24
study1_same_sub25,298,A2,0.0,4.0,0.0,3.719708382998609,3.616694585866069,2.127,5.468749664609493,1.7490412816108836,0,,,1.287,195,no,same,24
study1_same_sub25,299,A2,1.0,4.0,0.0,1.9577524211580393,,5.146,6.209246269521646,2.0316914588159793,0,,,4.066,195,no,same,24
study1_same_sub25,300,A2,0.0,7.0,0.0,4.460576705985832,4.503500840810106,1.595,3.115511612299041,1.3450650936867912,0,,,1.556,195,no,same,25
study1_same_sub25,301,A2,1.0,7.0,0.0,2.6986207441452628,,1.729,0.7156512023816337,1.982969541763629,0,,,1.287,195,no,same,25
study1_same_sub25,302,A2,0.0,8.0,0.0,0.6057310308945003,0.6171087173773537,2.106,4.293628457827356,2.595287880246731,0,,,2.07,195,no,same,25
study1_same_sub25,303,A2,1.0,8.0,0.0,5.126960376233516,,0.5660000000000001,4.140359459139049,0.9866009170944672,0,,,0.53,195,no,same,25
study1_same_sub25,304,A2,0.0,4.0,0.0,3.719708382998609,3.5659910454640165,3.17,0.5468889109379477,3.110365835118925,0,,,3.085,195,no,same,25
study1_same_sub25,305,A2,1.0,4.0,0.0,1.9577524211580393,,1.932,3.452851260465052,1.4950988393070128,0,,,1.872,195,no,same,25
study1_same_sub25,306,A2,0.0,5.0,0.0,1.815567851727327,1.9014830688945843,3.515,1.6380800539548517,0.1774877977724756,3,,,3.476,198,no,same,25
study1_same_sub25,307,A2,1.0,5.0,0.0,0.0536118898867563,,1.517,6.185140029885747,0.1516571671805957,2,,,1.476,200,no,same,25
study1_same_sub25,308,A2,0.0,1.0,0.0,2.4219027189466256,2.4452047660207294,3.321,3.7801269158095767,1.3582241968629511,0,,,3.26,200,no,same,25
study1_same_sub25,309,A2,1.0,1.0,0.0,0.6599467571060558,,1.254,6.219778355212754,0.7233537090728879,0,,,1.19,200,no,same,25
study1_same_sub25,310,A2,0.0,3.0,0.0,5.558507659220965,5.47182241562489,1.929,5.649552299109841,0.0910446398888762,3,,,1.677,203,no,same,25
study1_same_sub25,311,A2,1.0,3.0,0.0,3.7965516973803943,,1.27,2.576330632665975,1.2202210647144192,0,,,1.155,203,no,same,25
study1_same_sub25,312,A2,0.0,8.0,0.0,0.6057310308945003,0.6679134221467132,1.843,0.7753784586384483,0.169647427743948,4,,,1.739,207,no,same,26
study1_same_sub25,313,A2,1.0,8.0,0.0,5.126960376233516,,1.975,4.456744055106754,0.6702163211267615,0,,,1.877,207,no,same,26
study1_same_sub25,314,A2,0.0,7.0,0.0,4.460576705985832,4.377205356424985,1.551,4.83741646978636,0.3768397638005281,2,,,1.425,209,no,same,26
study1_same_sub25,315,A2,1.0,7.0,0.0,2.6986207441452628,,1.248,0.5501365089191809,2.148484235226082,0,,,0.979,209,no,same,26
study1_same_sub25,316,A2,0.0,4.0,0.0,3.719708382998609,3.749144800691605,1.815,2.006916472962513,1.712791910036096,0,,,1.758,209,no,same,26
study1_same_sub25,317,A2,1.0,4.0,0.0,1.9577524211580393,,1.642,3.857870336140059,1.90011791498202,0,,,1.576,209,no,same,26
study1_same_sub25,318,A2,0.0,3.0,0.0,5.558507659220965,5.568865962892517,1.51,5.4322746671306295,0.1262329920903351,4,,,1.381,213,no,same,26
study1_same_sub25,319,A2,1.0,3.0,0.0,3.7965516973803943,,2.105,2.3774678762164063,1.419083821163988,0,,,2.072,213,no,same,26
study1_same_sub25,320,A2,0.0,1.0,0.0,2.4219027189466256,2.5429226428510554,1.696,0.6212445105300607,1.8006582084165648,0,,,1.537,213,no,same,26
study1_same_sub25,321,A2,1.0,1.0,0.0,0.6599467571060558,,2.54,4.6790679845064425,2.2640640797791995,0,,,2.317,213,no,same,26
study1_same_sub25,322,A2,0.0,5.0,0.0,1.815567851727327,1.8611937020798872,1.457,5.89289663341702,2.205856525489894,0,,,1.349,213,no,same,26
study1_same_sub25,323,A2,1.0,5.0,0.0,0.0536118898867563,,2.721,2.5325786498649343,2.478966759978178,0,,,2.696,213,no,same,26
study1_same_sub25,324,A2,0.0,4.0,0.0,3.719708382998609,3.842672181359035,1.887,5.4939992831102975,1.7742909001116884,0,,,1.733,213,no,same,27
study1_same_sub25,325,A2,1.0,4.0,0.0,1.9577524211580393,,1.569,0.5524189243203455,1.4053334968376938,0,,,1.511,213,no,same,27
study1_same_sub25,326,A2,0.0,5.0,0.0,1.815567851727327,1.8504192366511527,1.297,5.643049300658964,2.4557038582479493,0,,,1.285,213,no,same,27
study1_same_sub25,327,A2,1.0,5.0,0.0,0.0536118898867563,,2.497,3.870077885527758,2.4667193115385846,0,,,2.44,213,no,same,27
study1_same_sub25,328,A2,0.0,8.0,0.0,0.6057310308945003,0.6895939395502443,1.403,5.92769977620802,0.9612165618660669,0,,,1.374,213,no,same,27
study1_same_sub25,329,A2,1.0,8.0,0.0,5.126960376233516,,0.704,4.84025889894469,0.2867014772888261,3,,,0.624,216,no,same,27
study1_same_sub25,330,A2,0.0,1.0,0.0,2.4219027189466256,2.389004002957536,1.458,2.0994627246390927,0.3224399943075329,2,,,1.339,218,no,same,27
study1_same_sub25,331,A2,1.0,1.0,0.0,0.6599467571060558,,0.667,2.821666914685881,2.161720157579825,0,,,0.604,218,no,same,27
study1_same_sub25,332,A2,0.0,7.0,0.0,4.460576705985832,4.437277713486952,1.359,5.3844537470167335,0.9238770410309014,0,,,1.323,218,no,same,27
study1_same_sub25,333,A2,1.0,7.0,0.0,2.6986207441452628,,1.188,0.3007378857118262,2.3978828584334364,0,,,1.057,218,no,same,27
study1_same_sub25,334,A2,0.0,3.0,0.0,5.558507659220965,5.504514346438372,1.622,5.30579276597707,0.2527148932438949,3,,,1.483,221,no,same,27
study1_same_sub25,335,A2,1.0,3.0,0.0,3.7965516973803943,,1.346,3.527015411936436,0.2695362854439582,3,,,1.309,224,no,same,27
study1_same_sub25,336,A2,0.0,8.0,0.0,0.6057310308945003,0.5070710493188502,2.176,5.405612106225676,1.483304231848411,0,,,1.896,224,no,same,28
study1_same_sub25,337,A2,1.0,8.0,0.0,5.126960376233516,,0.8270000000000001,2.439335722080786,2.6876246541527298,0,,,0.788,224,no,same,28
study1_same_sub25,338,A2,0.0,4.0,0.0,3.719708382998609,3.6380917597196394,2.459,5.384306210871449,1.6645978278728395,0,,,1.609,224,no,same,28
study1_same_sub25,339,A2,1.0,4.0,0.0,1.9577524211580393,,0.792,0.5166951387622772,1.441057282395762,0,,,0.733,224,no,same,28
study1_same_sub25,340,A2,0.0,3.0,0.0,5.558507659220965,5.5083871802353555,2.177,5.542700739251927,0.0158069199690373,7,,,1.365,231,no,same,28
study1_same_sub25,341,A2,1.0,3.0,0.0,3.7965516973803943,,1.306,3.742844133204154,0.0537075641762396,4,,,1.238,235,no,same,28
study1_same_sub25,342,A2,0.0,1.0,0.0,2.4219027189466256,2.5355849092581937,1.644,0.6580758185096119,1.7638269004370135,0,,,1.575,235,no,same,28
study1_same_sub25,343,A2,1.0,1.0,0.0,0.6599467571060558,,1.26,0.847465232289375,0.1875184751833192,4,,,1.18,239,no,same,28
study1_same_sub25,344,A2,0.0,5.0,0.0,1.815567851727327,1.8479024070557648,1.954,2.2648605215298283,0.4492926698025012,2,,,1.9,241,no,same,28
study1_same_sub25,345,A2,1.0,5.0,0.0,0.0536118898867563,,1.666,4.860716814506454,1.4760803825598885,0,,,1.6,241,no,same,28
study1_same_sub25,346,A2,0.0,7.0,0.0,4.460576705985832,4.528050117994419,1.437,4.539143313932325,0.0785666079464926,9,,,1.376,250,no,same,28
study1_same_sub25,347,A2,1.0,7.0,0.0,2.6986207441452628,,1.851,0.0455448895389393,2.6530758546063233,0,,,1.815,250,no,same,28
study1_same_sub25,348,A2,0.0,5.0,0.0,1.815567851727327,1.701220249643881,1.172,2.479797416693382,0.664229564966055,0,,,1.125,250,no,same,29
study1_same_sub25,349,A2,1.0,5.0,0.0,0.0536118898867563,,0.598,2.2765156303668217,2.2229037404800653,0,,,0.516,250,no,same,29
study1_same_sub25,350,A2,0.0,4.0,0.0,3.719708382998609,3.7395626624424505,1.768,5.583747137895074,1.8640387548964648,0,,,1.719,250,no,same,29
study1_same_sub25,351,A2,1.0,4.0,0.0,1.9577524211580393,,0.467,2.630643077093183,0.6728906559351437,0,,,0.425,250,no,same,29
study1_same_sub25,352,A2,0.0,1.0,0.0,2.4219027189466256,2.339558152163508,1.042,0.4728457727122164,1.9490569462344092,0,,,0.983,250,no,same,29
study1_same_sub25,353,A2,1.0,1.0,0.0,0.6599467571060558,,0.915,5.4374829922882135,1.5056490719974285,0,,,0.891,250,no,same,29
study1_same_sub25,354,A2,0.0,3.0,0.0,5.558507659220965,5.657074179326972,1.411,5.377450090270139,0.1810575689508251,3,,,1.306,253,no,same,29
study1_same_sub25,355,A2,1.0,3.0,0.0,3.7965516973803943,,1.416,3.939595191474893,0.1430434940944986,7,,,1.354,260,no,same,29
study1_same_sub25,356,A2,0.0,8.0,0.0,0.6057310308945003,0.4903790903947936,1.393,1.5017420331249551,0.8960110022304548,0,,,1.317,260,no,same,29
study1_same_sub25,357,A2,1.0,8.0,0.0,5.126960376233516,,2.203,2.378413055519064,2.7485473207144517,0,,,2.122,260,no,same,29
study1_same_sub25,358,A2,0.0,7.0,0.0,4.460576705985832,4.47360256004362,1.984,0.6876712560387296,2.510279857232484,0,,,1.899,260,no,same,29
study1_same_sub25,359,A2,1.0,7.0,0.0,2.6986207441452628,,1.799,1.373400766945016,1.3252199772002469,0,,,1.683,260,no,same,29
study1_same_sub25,360,debrief,,3.0,0.0,,,6.021,,,2,1.0,1.0,,262,no,same,30
study1_same_sub25,361,debrief,,7.0,0.0,,,1.265,,,0,0.0,0.0,,262,no,same,30
study1_same_sub25,362,debrief,,2.0,1.0,,,0.7030000000000001,,,2,1.0,0.0,,264,no,same,30
study1_same_sub25,363,debrief,,8.0,0.0,,,0.884,,,0,0.0,0.0,,264,no,same,30
study1_same_sub25,364,debrief,,10.0,1.0,,,1.754,,,0,0.0,1.0,,264,no,same,30
study1_same_sub25,365,debrief,,9.0,1.0,,,0.798,,,0,0.0,1.0,,264,no,same,30
study1_same_sub25,366,debrief,,0.0,1.0,,,0.899,,,2,1.0,0.0,,266,no,same,30
study1_same_sub25,367,debrief,,6.0,1.0,,,1.394,,,2,1.0,0.0,,268,no,same,30
study1_same_sub25,368,debrief,,11.0,1.0,,,1.106,,,2,1.0,0.0,,270,no,same,30
study1_same_sub25,369,debrief,,1.0,0.0,,,0.533,,,2,1.0,1.0,,272,no,same,30
study1_same_sub25,370,debrief,,5.0,0.0,,,0.62,,,2,1.0,1.0,,274,no,same,30
study1_same_sub25,371,debrief,,4.0,0.0,,,1.088,,,2,1.0,1.0,,276,no,same,30
study1_same_sub25,372,debrief,,0.0,1.0,,,1.293,,,2,1.0,0.0,,278,no,same,31
study1_same_sub25,373,debrief,,4.0,0.0,,,0.654,,,2,1.0,1.0,,280,no,same,31
study1_same_sub25,374,debrief,,5.0,0.0,,,3.219,,,0,0.0,0.0,,280,no,same,31
study1_same_sub25,375,debrief,,11.0,1.0,,,0.885,,,2,1.0,0.0,,282,no,same,31
study1_same_sub25,376,debrief,,9.0,1.0,,,0.835,,,2,1.0,0.0,,284,no,same,31
study1_same_sub25,377,debrief,,10.0,1.0,,,3.8,,,2,1.0,0.0,,286,no,same,31
study1_same_sub25,378,debrief,,6.0,1.0,,,0.293,,,0,0.0,1.0,,286,no,same,31
study1_same_sub25,379,debrief,,2.0,1.0,,,0.378,,,0,0.0,1.0,,286,no,same,31
study1_same_sub25,380,debrief,,7.0,0.0,,,1.145,,,0,0.0,0.0,,286,no,same,31
study1_same_sub25,381,debrief,,3.0,0.0,,,0.232,,,0,0.0,0.0,,286,no,same,31
study1_same_sub25,382,debrief,,8.0,0.0,,,0.169,,,0,0.0,0.0,,286,no,same,31
study1_same_sub25,383,debrief,,1.0,0.0,,,0.15,,,0,0.0,0.0,,286,no,same,31
study1_same_sub25,384,,,,,,,0.294,,,0,0.0,0.0,,286,no,same,32
