,A_0,A_1,A_2,A_3,A_4,A_5,A_6,A_7,A_8,A_9,A_10,A_11,A_12,A_13,A_14,A_15,A_16,A_17,A_18,A_19,A_20,A_21,A_22,A_23,A_24,B_0,B_1,B_2,B_3,B_4,B_5,B_6,B_7,B_8,B_9,B_10,B_11,B_12,B_13,B_14,B_15,B_16,B_17,B_18,B_19,B_20,B_21,B_22,B_23,B_24
A_0,0.0,0.0,0.0,0.0,0.0,0.0,0.0,0.0,0.0,0.0,0.0,0.0,0.0,0.0,0.0,0.0,0.0,0.0,0.0,0.0,0.0,0.0,0.0,0.0,0.0,-0.0001629327016416937,-0.0011847420828416944,-0.0005008432781323791,0.0006727346335537732,-0.00012366454757284373,-0.0001604023709660396,9.816347301239148e-05,-0.0010759590659290552,0.001184749067761004,-0.0021418232936412096,-6.997180753387511e-05,-0.001405969262123108,0.0007388492813333869,-0.0011723969364538789,0.001822440535761416,-0.0002759459021035582,0.0011207937495782971,0.0003751893527805805,0.0005685921059921384,0.0009174210717901587,0.0017682694597169757,0.00015940181037876755,0.00010955481411656365,5.661095929099247e-05,-0.0005933790816925466
A_1,0.0,0.0,0.0,0.0,0.0,0.0,0.0,0.0,0.0,0.0,0.0,0.0,0.0,0.0,0.0,0.0,0.0,0.0,0.0,0.0,0.0,0.0,0.0,0.0,0.0,0.0013172522885724902,0.00041602281271480024,-0.0010336843552067876,-0.00024076816043816507,-0.0016866889782249928,-0.0015008887276053429,0.0006429448840208352,-0.0004771940875798464,-0.0010228619212284684,8.873633487382904e-05,0.001386121497489512,0.0005038024391978979,-0.0018378011882305145,-0.0030461398418992758,-0.0013063461519777775,1.30406706375652e-05,0.0001947311102412641,-0.00041154553764499724,0.000271227938355878,-0.0005757242324762046,0.001047857804223895,0.0008865033742040396,2.3562619389849715e-05,-0.00038723263423889875,0.0004361096944194287
A_2,0.0,0.0,0.0,0.0,0.0,0.0,0.0,0.0,0.0,0.0,0.0,0.0,0.0,0.0,0.0,0.0,0.0,0.0,0.0,0.0,0.0,0.0,0.0,0.0,0.0,-0.00011407598503865302,0.0005255579017102718,0.001658457680605352,5.666800279868767e-05,0.0004975649062544107,0.00016608725127298385,-0.00033891736529767513,0.00025702465791255236,-0.000828474061563611,-0.0006273331237025559,0.00038900115760043263,0.0013558726059272885,0.002047835849225521,0.000437460868852213,-7.645660662092268e-05,-0.00040744207217358053,0.0011659348383545876,-0.0004912366857752204,-0.00035838098847307265,0.0001381315669277683,-0.00031968948314897716,-0.00019412640540394932,0.0005301889032125473,-0.000803495233412832,0.00283628236502409
A_3,0.0,0.0,0.0,0.0,0.0,0.0,0.0,0.0,0.0,0.0,0.0,0.0,0.0,0.0,0.0,0.0,0.0,0.0,0.0,0.0,0.0,0.0,0.0,0.0,0.0,-0.0016593066975474358,0.0003132258716505021,0.0003452982346061617,5.369755672290921e-05,-0.0012030916986986995,0.0002400443481747061,-0.00039246180676855147,-0.0005972185754217207,-0.0006288706790655851,0.0010189590975642204,0.00026559780235402286,0.00012289542064536363,-0.000717159709893167,-3.1583815143676475e-05,0.00038012381992302835,0.0003319042734801769,0.00038568946183659136,0.0010679630795493722,0.001248733839020133,0.000875629426445812,0.0008632828830741346,-0.00030813473858870566,0.0015593813732266426,-0.0003090406535193324,0.0011405030963942409
A_4,0.0,0.0,0.0,0.0,0.0,0.0,0.0,0.0,0.0,0.0,0.0,0.0,0.0,0.0,0.0,0.0,0.0,0.0,0.0,0.0,0.0,0.0,0.0,0.0,0.0,0.0019242691341787577,-0.0008339542546309531,6.148223474156111e-05,-4.6170782297849655e-05,0.0004728350613731891,-0.0018313240725547075,-0.0005667140358127654,-0.0009220822830684483,-0.002467733807861805,0.003097851062193513,-0.00019389188673812896,-0.0007736004772596061,-0.0001757051795721054,0.0006462805904448032,-0.000818106927908957,0.0007858623284846544,-0.0005178985884413123,-7.709643250564113e-05,0.0009709371952340007,0.00102036795578897,0.0012438013218343258,-0.00226043863222003,-0.0013171916361898184,-0.0011419302318245173,-0.0006727352738380432
A_5,0.0,0.0,0.0,0.0,0.0,0.0,0.0,0.0,0.0,0.0,0.0,0.0,0.0,0.0,0.0,0.0,0.0,0.0,0.0,0.0,0.0,0.0,0.0,0.0,0.0,-0.00035840162308886647,-0.0015220935456454754,-0.0007114413310773671,-0.0015898306155577302,0.0009994215797632933,-0.0006310141179710627,4.740684016724117e-05,-0.0008712874259799719,0.001418150495737791,-0.0007308547501452267,0.00039646122604608536,0.00254047941416502,0.0004034663725178689,-0.001184295048005879,-0.0006897445418871939,-0.0008292634738609195,0.0005034047644585371,0.0012705664848908782,-0.0012350573670119047,0.00022442372574005276,0.0009794984944164753,0.0013673723442479968,1.98258894670289e-05,-0.0006966112414374948,0.000981345772743225
A_6,0.0,0.0,0.0,0.0,0.0,0.0,0.0,0.0,0.0,0.0,0.0,0.0,0.0,0.0,0.0,0.0,0.0,0.0,0.0,0.0,0.0,0.0,0.0,0.0,0.0,0.000328581256326288,-0.0009391143685206771,7.534416363341734e-05,0.0006791647174395621,-0.00010124700929736719,-0.0005219400627538562,0.0014625671319663525,0.0006946195499040186,-0.0008499191026203334,-0.0009835008531808853,-0.0007399965543299913,-0.00033571943640708923,0.0010657728416845202,0.00031639274675399065,9.339336247649044e-05,1.5734764019725844e-05,-0.0011767284013330936,-0.0022128871642053127,0.000118828727863729,0.0005554893286898732,0.0005251340917311609,-0.0008693569106981158,0.0018027869518846273,0.0004188974271528423,-0.0011756413150578737
A_7,0.0,0.0,0.0,0.0,0.0,0.0,0.0,0.0,0.0,0.0,0.0,0.0,0.0,0.0,0.0,0.0,0.0,0.0,0.0,0.0,0.0,0.0,0.0,0.0,0.0,0.00034847090137191117,0.00207881978712976,-0.0013562371022999287,-0.0013366631465032697,-0.0008922534761950374,0.0004386913205962628,-0.0005200931918807328,0.000522045767866075,0.0009087971993722022,-0.00041760047315619886,-0.0016371768433600664,0.0015582650667056441,0.0008167739724740386,0.0010790290543809533,-0.00016282140859402716,-0.0004983789403922856,0.0007626130827702582,0.0001583870325703174,0.00032834240118972957,-0.0003639334754552692,0.0013234427897259593,-0.0014949461910873652,-0.002011063974350691,0.0008876550127752125,0.001320556621067226
A_8,0.0,0.0,0.0,0.0,0.0,0.0,0.0,0.0,0.0,0.0,0.0,0.0,0.0,0.0,0.0,0.0,0.0,0.0,0.0,0.0,0.0,0.0,0.0,0.0,0.0,-0.0010158196091651917,-0.0006871798541396856,-6.850133650004864e-05,-0.00015842395077925175,0.0009565540822222829,0.00015120813623070717,0.0009902374586090446,0.00016718269034754485,0.0009264350519515574,-0.0007329605286940932,0.00011572617222554982,0.0006196462200023234,-0.00020240650337655097,-0.0012388858012855053,0.000842181674670428,0.0018647079123184085,0.0009618020267225802,-0.0020717442966997623,0.0010003733914345503,0.00010434338037157431,-0.00017362939252052456,-0.000549417338334024,-6.979131740081357e-06,-0.00013227210729382932,0.0016367248026654124
A_9,0.0,0.0,0.0,0.0,0.0,0.0,0.0,0.0,0.0,0.0,0.0,0.0,0.0,0.0,0.0,0.0,0.0,0.0,0.0,0.0,0.0,0.0,0.0,0.0,0.0,0.002633694326505065,5.5479798902524635e-05,0.00028105403180234134,-0.001277751987800002,0.0008508224273100495,-0.001008580788038671,0.0004663694417104125,0.00029667356284335256,8.336344035342336e-05,0.00039772677700966597,0.0017486844444647431,0.0014578514965251088,-5.307336778059835e-06,0.0004896282916888595,-0.00048138562124222517,0.00026918985531665385,0.0008022327092476189,-0.0005330512067303061,-0.0015321651007980108,-0.0008691457915119827,0.00021046977781224996,-0.00029657172854058444,0.0004947519046254456,-0.000835611775983125,-0.0004956453922204673
A_10,0.0,0.0,0.0,0.0,0.0,0.0,0.0,0.0,0.0,0.0,0.0,0.0,0.0,0.0,0.0,0.0,0.0,0.0,0.0,0.0,0.0,0.0,0.0,0.0,0.0,1.6782936654635705e-05,0.0018501298036426306,-0.001106936833821237,-0.0007053724257275462,-0.0015024991007521749,-0.0016703406581655145,-0.0008099254337139428,-0.00040315467049367726,-0.0006879508146084845,0.0005304869264364243,0.0001903717202367261,0.0009333359776064754,1.2875386346422601e-05,-0.0007414538413286209,-0.0006533496198244393,-0.0009590840782038867,-0.0009473147219978273,-0.0027548575308173895,-0.0006806861492805183,0.00079013267531991,0.000579956395085901,0.0007748645730316639,-0.0014975151279941201,-0.0012870714999735355,0.0005769302370026708
A_11,0.0,0.0,0.0,0.0,0.0,0.0,0.0,0.0,0.0,0.0,0.0,0.0,0.0,0.0,0.0,0.0,0.0,0.0,0.0,0.0,0.0,0.0,0.0,0.0,0.0,0.002113486872985959,-0.0027193680871278048,9.579632023815066e-05,0.0008838590001687407,0.0012848005862906575,-0.0006975230644457042,-0.0007646071608178318,-9.789950854610652e-05,-0.0007862850907258689,0.0007939327042549849,-0.0007422020426020026,-0.000845408474560827,0.000575625745113939,0.0001602558622835204,0.000910280563402921,0.00041231667273677886,-0.00039758221828378737,-0.0006284267292357981,-0.0012841579737141728,0.00046013083192519844,0.000992952031083405,-0.00014783025835640728,0.000420380849391222,-0.0004267106996849179,-0.0010263951262459159
A_12,0.0,0.0,0.0,0.0,0.0,0.0,0.0,0.0,0.0,0.0,0.0,0.0,0.0,0.0,0.0,0.0,0.0,0.0,0.0,0.0,0.0,0.0,0.0,0.0,0.0,-0.0006337735685519874,0.0008705066284164786,0.00036437157541513443,0.001247046166099608,0.0006863452726975083,0.002063675783574581,0.00030145287746563554,-0.00019383549806661904,-0.0007617571391165257,-7.593385089421645e-05,-8.016052743187174e-05,-2.3341724954661913e-05,-0.0002456604561302811,7.211177580757067e-05,-0.00047543682740069926,-0.0020084127318114042,6.513547123176977e-05,-7.742194611637387e-06,-0.00034803987364284694,0.0009336340590380132,-0.0004006140516139567,0.00130833825096488,0.00074287987081334,0.00031127146212384105,0.00041180808329954743
A_13,0.0,0.0,0.0,0.0,0.0,0.0,0.0,0.0,0.0,0.0,0.0,0.0,0.0,0.0,0.0,0.0,0.0,0.0,0.0,0.0,0.0,0.0,0.0,0.0,0.0,0.0003530904068611562,0.00024535448756068945,-0.002241268754005432,-0.0008742902427911758,-0.0005815065233036876,-0.0001686248288024217,0.0005255414871498942,-7.581289537483826e-05,0.0004848574462812394,0.0011173427337780595,0.0013308830093592405,-0.0006121762562543154,-0.0011740318732336164,-0.00011777157487813383,0.0010060413042083383,-0.0001339165319222957,-8.764360245550051e-05,0.001063055358827114,-0.0017518026288598776,0.0018659844063222408,-0.0008327761897817254,-0.0002604961337056011,-8.063636778388172e-05,6.147587555460632e-05,-0.0005171261727809906
A_14,0.0,0.0,0.0,0.0,0.0,0.0,0.0,0.0,0.0,0.0,0.0,0.0,0.0,0.0,0.0,0.0,0.0,0.0,0.0,0.0,0.0,0.0,0.0,0.0,0.0,0.0006198093760758638,0.0006341364933177829,0.000860497122630477,-0.0004601428227033466,0.0018000503769144416,-0.0004843421920668334,0.0012271441519260406,0.004073540214449167,0.001286733546294272,-0.00011765253293560818,0.00024200907500926405,-0.0004900741623714566,-0.0007114633917808533,-0.0006474537076428533,-0.0008300869376398623,-0.0012097804574295878,0.0019280440174043179,-4.848800381296314e-05,-0.0008127328474074602,-0.0006907713250257075,0.00031653206679038703,0.0006784157012589276,6.387103439919883e-06,0.0010945874964818358,-0.00034373608650639653
A_15,0.0,0.0,0.0,0.0,0.0,0.0,0.0,0.0,0.0,0.0,0.0,0.0,0.0,0.0,0.0,0.0,0.0,0.0,0.0,0.0,0.0,0.0,0.0,0.0,0.0,0.00018628535326570272,-0.0011057971278205514,-0.00011358008487150073,-0.00038074044277891517,0.0004970426671206951,-0.0003453099634498358,0.0011512645287439227,0.0004498433554545045,-0.0010473511647433043,-7.204876601463184e-05,0.0008868904551491141,-0.0012643513036891818,-2.845402923412621e-05,-0.00031018699519336224,-0.0014314097352325916,5.0933776947204024e-05,-0.0006500913295894861,-0.0023645982146263123,0.00015299723600037396,0.000524183502420783,-7.880188604758587e-06,-0.0008770480053499341,0.0003325317520648241,4.194187931716442e-05,0.0008298879256471992
A_16,0.0,0.0,0.0,0.0,0.0,0.0,0.0,0.0,0.0,0.0,0.0,0.0,0.0,0.0,0.0,0.0,0.0,0.0,0.0,0.0,0.0,0.0,0.0,0.0,0.0,-0.0013599834637716413,0.0005561485304497182,-0.0005397581844590604,-0.0005670752143487334,-0.001988291973248124,-0.0007348944782279432,0.0001544920087326318,-0.0026608246844261885,-0.002182161435484886,-0.0006444963510148227,0.0029137812089174986,-0.0017437918577343225,0.000523377035278827,-0.0004459323245100677,-0.0012666110415011644,-0.0008628517389297485,0.0006964034982956946,0.0011228155344724655,0.0013338589342311025,0.0020266117062419653,-0.0009299861267209053,-0.0007774365367367864,7.598227239213884e-05,0.0008269055979326367,0.0010753021342679858
A_17,0.0,0.0,0.0,0.0,0.0,0.0,0.0,0.0,0.0,0.0,0.0,0.0,0.0,0.0,0.0,0.0,0.0,0.0,0.0,0.0,0.0,0.0,0.0,0.0,0.0,-0.000960331701207906,-0.0005727570969611406,-0.000432325410656631,0.001193213160149753,-0.0021811106707900763,0.0011372759472578764,0.0005821887752972543,-0.0005722406785935163,0.0013409345410764217,0.0015961849130690098,0.0005636551650241017,0.0019657742232084274,1.1561132851056755e-05,0.00038022990338504314,8.865355084708426e-06,-0.000850390293635428,-9.309573215432465e-05,0.0004633983480744064,0.0008606562041677535,0.0012255796464160085,-0.0008020562236197293,-0.0009889134671539068,0.0013993846951052547,-0.001646937569603324,-0.0013983090175315738
A_18,0.0,0.0,0.0,0.0,0.0,0.0,0.0,0.0,0.0,0.0,0.0,0.0,0.0,0.0,0.0,0.0,0.0,0.0,0.0,0.0,0.0,0.0,0.0,0.0,0.0,0.0012355754151940346,0.0011266316287219524,-0.0010655225487425923,0.00015347838052548468,0.0013704648008570075,-0.00014170380018185824,-0.00041290250374004245,0.0009490863885730505,0.0013273447984829545,-0.0006991835543885827,9.464984759688377e-05,-0.0006841914728283882,4.164651909377426e-05,-0.0007153768092393875,0.0019568626303225756,0.0001528987631900236,0.0007986330310814083,0.000591398507822305,-0.00030414771754294634,-0.001115292077884078,-0.0004996808129362762,0.0011695858556777239,-0.0016786947380751371,-0.00019606408022809774,-3.34796350216493e-05
A_19,0.0,0.0,0.0,0.0,0.0,0.0,0.0,0.0,0.0,0.0,0.0,0.0,0.0,0.0,0.0,0.0,0.0,0.0,0.0,0.0,0.0,0.0,0.0,0.0,0.0,0.0003861063742078841,0.00032740485039539635,-0.00031447195215150714,-0.0015091701643541455,-0.00032050078152678907,-0.0016375015256926417,-0.0015058234566822648,-0.0007602731348015368,-9.815034718485549e-05,0.00011787768744397908,0.0027017120737582445,-0.0011205222690477967,-0.0010126048000529408,-0.001252596266567707,-0.0010523120872676373,-0.001268895692192018,0.0008619506261311471,-0.0005114662926644087,0.0008862987160682678,-0.0004337603459134698,-0.0011892059119418263,0.0019420816097408533,0.001398105057887733,0.0023875872138887644,0.0011342563666403294
A_20,0.0,0.0,0.0,0.0,0.0,0.0,0.0,0.0,0.0,0.0,0.0,0.0,0.0,0.0,0.0,0.0,0.0,0.0,0.0,0.0,0.0,0.0,0.0,0.0,0.0,0.0005013474146835506,0.000842374109197408,0.0012613014550879598,0.0007292170776054263,-0.0007350348168984056,0.0014214133843779564,-0.00010718750127125531,0.0003927180077880621,0.000419327785493806,-0.0008789729909040034,-0.0008162591839209199,-0.0005337765906006098,-0.0006103997002355754,0.001533940783701837,-0.00045234861318022013,0.00045072706416249275,-0.0006209613638930023,-0.0009656932088546455,-2.3432362183939404e-07,-0.0013819963205605745,-0.0016053084982559085,0.0007826138753443956,0.0007697881083004177,0.0007992562022991478,-0.0016897337045520544
A_21,0.0,0.0,0.0,0.0,0.0,0.0,0.0,0.0,0.0,0.0,0.0,0.0,0.0,0.0,0.0,0.0,0.0,0.0,0.0,0.0,0.0,0.0,0.0,0.0,0.0,-0.0009273755131289363,0.0005527126486413181,-0.0005910864565521479,-0.0006755948415957391,-0.0007291625370271504,6.389159534592181e-05,-0.0005749135743826628,0.0015638183103874326,-0.0010299523128196597,9.176599633065052e-06,-4.3123236537212506e-05,0.00011524826550157741,0.0010495720198377967,0.002058902755379677,-0.0007491249707527459,0.00012300375965423882,0.0007440891931764781,-0.0001485396787757054,0.0004299892170820385,0.0010864980285987258,-0.0008446851279586554,0.00017984930309467018,0.00043764043948613107,0.00025206152349710464,-0.0008663752814754844
A_22,0.0,0.0,0.0,0.0,0.0,0.0,0.0,0.0,0.0,0.0,0.0,0.0,0.0,0.0,0.0,0.0,0.0,0.0,0.0,0.0,0.0,0.0,0.0,0.0,0.0,-0.0009932218817993999,0.001749036950059235,0.0013087611878290772,0.00110020546708256,0.0010496166069060564,0.0007911769207566977,-0.0009714938933029771,-0.0010975201148539782,0.0002146209153579548,-0.0010976463090628386,0.0006846959586255252,0.0006780691328458488,0.0016917146276682615,-0.0008884205599315464,-0.0017442615935578942,0.0002643501793500036,-0.0008312108111567795,-0.00028842032770626247,-0.001400984125211835,0.00019820797024294734,-0.00044342520413920283,-0.0004183816781733185,-0.0016020216280594468,0.0012672288576141,-0.0013158652000129223
A_23,0.0,0.0,0.0,0.0,0.0,0.0,0.0,0.0,0.0,0.0,0.0,0.0,0.0,0.0,0.0,0.0,0.0,0.0,0.0,0.0,0.0,0.0,0.0,0.0,0.0,-0.00030684558441862464,-0.002058577723801136,-0.0009205547394230962,0.0010333303362131119,0.0003194714372511953,-0.00021061617007944733,-0.00048508073086850345,0.0005001181270927191,-8.687722583999857e-05,-0.0018774765776470304,-0.0014585088938474655,0.0012563165510073304,0.0020789417903870344,0.000347411900293082,-0.0012887532357126474,0.0007406786899082363,-0.0003582477802410722,0.0010925490641966462,-0.0008072485798038542,0.00022688560420647264,0.000747139158193022,0.0009918190771713853,0.0010791403474286199,-0.001295885886065662,0.0009950536768883467
A_24,0.0,0.0,0.0,0.0,0.0,0.0,0.0,0.0,0.0,0.0,0.0,0.0,0.0,0.0,0.0,0.0,0.0,0.0,0.0,0.0,0.0,0.0,0.0,0.0,0.0,-0.0008528620819561183,-0.0005246687214821577,0.00030426171724684536,0.00025803703465498984,-0.0015691632870584726,-0.0004260801651980728,0.00019725417951121926,-0.0009632785222493112,0.0014161706203594804,0.00014890593593008816,-0.00022445022477768362,0.0015041203005239367,-0.00018258203635923564,-0.0006955925491638482,-0.0010663295397534966,-0.00021241320064291358,8.9177796326112e-05,0.00046662421664223075,0.0017604533350095153,-0.001182570937089622,0.00016395140846725553,-0.0008735721348784864,9.1483278083615e-05,0.0015529871452599764,-0.0012806796003133059
B_0,0.0017088879831135273,-0.002120862016454339,-0.00012675973994191736,0.0004013900179415941,-1.2611943020601757e-05,-0.0005162213928997517,0.0007140827365219593,-0.0002253362472401932,0.0016779169673100114,0.0022132508456707,-0.000281766609987244,0.00038495613262057304,0.0008876720676198602,-0.00018720459775067866,0.0007315118564292789,0.0027877299580723047,-0.0016905914526432753,-9.372604836244136e-05,0.0005641139578074217,-0.00045920308912172914,-0.00018581224139779806,0.0015003243461251259,0.0011470274766907096,-3.093631676165387e-05,-0.00027612707344815135,0.0,0.0,0.0,0.0,0.0,0.0,0.0,0.0,0.0,0.0,0.0,0.0,0.0,0.0,0.0,0.0,0.0,0.0,0.0,0.0,0.0,0.0,0.0,0.0,0.0
B_1,-0.0012372409692034125,-0.0010113330790773034,-0.0021469690836966038,0.0021277517080307007,0.00032546796137467027,-0.0007391237304545939,0.002127537038177252,-1.5784145944053307e-05,-0.0012444842141121626,-0.0008852561004459858,-0.0005669693928211927,-0.0002580536238383502,0.0006540484610013664,-0.0003978066670242697,0.0017254078993573785,-0.0006141573539935052,0.002251505618914962,0.00011962870485149324,0.0008269341196864843,-0.0004340707673691213,0.000688473111949861,-0.00046073197154328227,0.0010050107957795262,-0.0003231388400308788,-0.00010076667967950925,0.0,0.0,0.0,0.0,0.0,0.0,0.0,0.0,0.0,0.0,0.0,0.0,0.0,0.0,0.0,0.0,0.0,0.0,0.0,0.0,0.0,0.0,0.0,0.0,0.0
B_2,0.0005891600740142167,0.00027240862254984677,-0.001523148501291871,0.0024207772221416235,-0.0009558960446156561,0.0012505633058026433,-0.00041470961878076196,-0.0002678160381037742,0.0007779456209391356,0.0013521292712539434,-0.00032303237821906805,0.0009986723307520151,-0.0007558591314591467,0.0005776670295745134,-0.0008926723385229707,-0.0013606130378320813,0.00295537943020463,-0.0005038002855144441,0.0004525701515376568,0.0004947856650687754,0.001779827754944563,0.0010972227901220322,0.0007156249484978616,-0.001031971420161426,0.0006567919626832008,0.0,0.0,0.0,0.0,0.0,0.0,0.0,0.0,0.0,0.0,0.0,0.0,0.0,0.0,0.0,0.0,0.0,0.0,0.0,0.0,0.0,0.0,0.0,0.0,0.0
B_3,-0.0013903201324865222,0.0003226973058190197,-0.0012504169717431068,-0.001335709122940898,-0.0010187397710978985,-0.00045154825784265995,-0.0007675708620809019,0.0003020205767825246,-0.0005430394085124135,-0.00043122537317685783,0.0008063842542469501,-0.00013614626368507743,0.0008919352549128234,-0.0012686466798186302,-0.0018400246044620872,-0.00016891630366444588,0.0016473450232297182,0.00028237179503776133,0.00147663289681077,-0.0005436447099782526,-4.41330030298559e-06,0.0015053990064188838,0.0006833895458839834,0.0004976150230504572,0.00034202676033601165,0.0,0.0,0.0,0.0,0.0,0.0,0.0,0.0,0.0,0.0,0.0,0.0,0.0,0.0,0.0,0.0,0.0,0.0,0.0,0.0,0.0,0.0,0.0,0.0,0.0
B_4,-0.0006135703297331929,0.000662430829834193,0.0011826162226498127,0.0008453495684079826,-0.0007115899934433401,0.00079548847861588,0.00032573260250501335,0.0013070879504084587,-0.0004697514232248068,0.0009057283750735223,-0.00028980174101889133,-0.0003670503501780331,-0.0012001803843304515,-0.00033652319689281285,0.0002744352677837014,0.0006141396588645875,-0.0001350047969026491,-0.0008686063811182976,-0.0002256296866107732,0.0012140253093093634,0.0013098767958581448,-0.001155713340267539,-0.0003273815964348614,0.0006673384341411293,0.00032450639992021024,0.0,0.0,0.0,0.0,0.0,0.0,0.0,0.0,0.0,0.0,0.0,0.0,0.0,0.0,0.0,0.0,0.0,0.0,0.0,0.0,0.0,0.0,0.0,0.0,0.0
B_5,0.0009661426302045584,9.906856575980783e-05,-0.0018828389002010226,0.0006691557937301695,-0.001024307101033628,0.0004689418419729918,0.0016646283911541104,-0.0014647149946540594,-0.0009812958305701613,0.0010387991787865758,0.0014067688025534153,0.00019069513655267656,-0.0005058349343016744,-0.00020520341058727354,-0.0009638721821829677,5.808068817714229e-05,-0.0006159298354759812,-0.0007661871495656669,-0.0004616981605067849,-0.00038052431773394346,0.0003914383996743709,0.0002459825191181153,-0.0009261793456971645,-9.774023055797443e-06,-0.0004999273805879056,0.0,0.0,0.0,0.0,0.0,0.0,0.0,0.0,0.0,0.0,0.0,0.0,0.0,0.0,0.0,0.0,0.0,0.0,0.0,0.0,0.0,0.0,0.0,0.0,0.0
B_6,0.00017023889813572168,0.0006102983024902642,0.000959274242632091,0.0021697813645005226,-0.00023594594676978886,0.0020683095790445805,-0.0011915581999346614,-8.991307367978152e-06,0.00012620027700904757,0.00020863629470113665,-0.0017813770100474358,-0.0010702551808208227,-0.0009806402958929539,0.0003848206833936274,0.0014562758151441813,0.002125910948961973,-0.0006318952655419707,4.0153900044970214e-05,-0.0004764615441672504,-0.00018366269068792462,-0.0010553973261266947,-0.000548172858543694,0.0007112639141269028,2.3383479401672957e-06,0.0014929212629795074,0.0,0.0,0.0,0.0,0.0,0.0,0.0,0.0,0.0,0.0,0.0,0.0,0.0,0.0,0.0,0.0,0.0,0.0,0.0,0.0,0.0,0.0,0.0,0.0,0.0
B_7,0.0005679994355887175,-0.0017308567184954882,0.0018727235728874803,0.0019160764059051871,-0.0010865851072594523,-0.0012321918038651347,-0.0008926299633458257,-0.0012326656142249703,0.0006557904998771846,0.0018275659531354904,0.0012234313180670142,0.001930047175846994,-0.0010960435029119253,-0.0001243152655661106,-2.1196421585045755e-05,-0.0005529897753149271,-0.00028347852639853954,0.00040721314144320786,-0.0008500881958752871,-0.000750917533878237,0.0011937188683077693,-0.0008703102357685566,0.000565322523470968,5.492266791407019e-05,0.000817840569652617,0.0,0.0,0.0,0.0,0.0,0.0,0.0,0.0,0.0,0.0,0.0,0.0,0.0,0.0,0.0,0.0,0.0,0.0,0.0,0.0,0.0,0.0,0.0,0.0,0.0
B_8,-0.0002506656164769083,0.0006371309864334762,0.00048792880261316895,0.00013694776862394065,-0.0001979792577913031,-0.00018507598724681884,-0.0008201427990570664,-0.0016914178850129247,0.0003762983833439648,-0.0013868107926100492,-0.0006173003348521888,0.00045064243022352457,0.0010865791700780392,0.00041309604421257973,-0.000484328978927806,-0.00019521989452186972,-0.0003499292361084372,0.001921429648064077,0.0014022180112078786,0.0006812323699705303,0.00037345511373132467,-0.00030600829632021487,-0.0005909220781177282,-0.0005337586626410484,-0.0005869551678188145,0.0,0.0,0.0,0.0,0.0,0.0,0.0,0.0,0.0,0.0,0.0,0.0,0.0,0.0,0.0,0.0,0.0,0.0,0.0,0.0,0.0,0.0,0.0,0.0,0.0
B_9,0.00042054190998896956,0.0015041087754070759,-0.00019483754294924438,0.0007956157205626369,0.00044922486995346844,0.0006359349936246872,-0.00040079301106743515,-0.0005471683689393103,0.0007918495684862137,0.000497792789246887,-0.0005372592131607234,0.0008616237319074571,-0.0006054206751286983,0.0027719701174646616,0.000674033013638109,-0.0015378723619505763,0.0011759884655475616,0.0007175853825174272,-0.001995446626096964,-0.00033029227051883936,0.0018534524133428931,0.0002617527497932315,-0.002160905161872506,0.0017044349806383252,0.0003245225816499442,0.0,0.0,0.0,0.0,0.0,0.0,0.0,0.0,0.0,0.0,0.0,0.0,0.0,0.0,0.0,0.0,0.0,0.0,0.0,0.0,0.0,0.0,0.0,0.0,0.0
B_10,0.0005029329331591725,-0.0005242414190433919,-0.00036387110594660044,-4.814904241356999e-05,0.002227955497801304,-2.3646749468753114e-05,-7.564975385321304e-05,0.0010747861815616488,-0.001575295813381672,-6.239059439394623e-05,-0.00036376292700879276,-0.0011751375859603286,-0.0010948401177302003,0.0009101778268814087,0.001832303125411272,-0.0016161483945325017,-0.001120245549827814,-0.0015287052374333143,-7.75668304413557e-05,-0.0008794376626610756,0.00031383498571813107,-8.082673593889922e-05,0.0001373261329717934,0.0022793360985815525,0.00019535826868377626,0.0,0.0,0.0,0.0,0.0,0.0,0.0,0.0,0.0,0.0,0.0,0.0,0.0,0.0,0.0,0.0,0.0,0.0,0.0,0.0,0.0,0.0,0.0,0.0,0.0
B_11,-0.0007590284803882241,-0.0007455595768988132,0.0008372612646780908,-0.0006210195133462548,0.0014035621425136924,-0.001000826945528388,0.00013594565098173916,0.0004099426150787622,-0.000803037197329104,0.00030044172308407724,-0.0007418208406306803,0.0002967687323689461,0.0003724346752278507,-0.0012291824677959085,-0.0012921864399686456,-4.654468284570612e-05,-1.34558849822497e-05,0.0012873110827058554,0.0010044880909845233,0.0002953340590465814,-0.0007318176794797182,-0.0027289672289043665,0.0019231277983635664,-0.0008807378471828997,-0.0011060114484280348,0.0,0.0,0.0,0.0,0.0,0.0,0.0,0.0,0.0,0.0,0.0,0.0,0.0,0.0,0.0,0.0,0.0,0.0,0.0,0.0,0.0,0.0,0.0,0.0,0.0
B_12,0.0003073155239690095,-0.0003841044381260872,0.0009545917855575681,0.0004643303691409528,-0.00302875111810863,-0.0005411488236859441,0.0009911729721352458,-1.2871321814600378e-05,-0.0007453766302205622,0.00041380547918379307,0.0007821184117347002,-0.0005568030173890293,-0.0020208735950291157,-0.0007380021852441132,-0.0018476712284609675,0.0006932677351869643,0.0004545740957837552,-0.001064880401827395,-0.0008397173951379955,0.00047301402082666755,-0.000892347889021039,-0.0011985419550910592,0.0015575019642710686,-0.0005777316982857883,0.000808129261713475,0.0,0.0,0.0,0.0,0.0,0.0,0.0,0.0,0.0,0.0,0.0,0.0,0.0,0.0,0.0,0.0,0.0,0.0,0.0,0.0,0.0,0.0,0.0,0.0,0.0
B_13,0.0010905646486207843,0.0007332092500291765,-0.001159526756964624,-0.00010516345355426893,-0.0008785055833868682,0.0010098593775182962,0.0015571850817650557,-0.00024305064289364964,-0.0013258566614240408,4.2264418880222365e-05,-0.001503810635767877,0.0012824512086808681,-0.0005218505975790322,-0.0002689367101993412,-0.002497510751709342,0.0007209144532680511,-0.0005901230033487082,0.0020557655952870846,-0.000571928801946342,-0.0001986092102015391,-0.0010376782156527042,0.0003138629544992,0.0007406318909488618,0.0022547333501279354,0.0008428885485045612,0.0,0.0,0.0,0.0,0.0,0.0,0.0,0.0,0.0,0.0,0.0,0.0,0.0,0.0,0.0,0.0,0.0,0.0,0.0,0.0,0.0,0.0,0.0,0.0,0.0
B_14,0.0008407498826272786,-0.002023963490501046,0.0003342288255225867,-0.0006865982431918383,0.0006548201781697571,-0.001234362367540598,-0.0011426123091951013,-0.001367722055874765,-0.00047280025319196284,-0.0012276176130399108,-0.0008230283856391907,0.0013258224353194237,0.0009336606017313898,0.0005720077315345407,-0.0005757116596214473,0.00037858670111745596,-0.00013084431702736765,0.0010041025234386325,0.0005047860322520137,-0.00048303717630915344,0.001960623310878873,1.9529952623997815e-06,0.00010565271804807708,-0.000552220968529582,0.0008104105363599956,0.0,0.0,0.0,0.0,0.0,0.0,0.0,0.0,0.0,0.0,0.0,0.0,0.0,0.0,0.0,0.0,0.0,0.0,0.0,0.0,0.0,0.0,0.0,0.0,0.0
B_15,-0.0003144733782391995,-0.0017677777213975787,0.00020509585738182068,0.001014521811157465,-0.0011276694713160396,0.00013211161422077566,-0.0009303641854785383,-0.0007071007858030498,0.0007889232947491109,-7.685015589231625e-05,0.00023096894437912852,0.00045164019684307277,0.00024415069492533803,0.0004225992888677865,-0.0013224120484665036,0.0002455315843690187,-0.0005224099149927497,0.0011567242909222841,0.0020131173077970743,0.00030187348602339625,4.495540997595526e-05,-0.00023535177751909941,0.0002412305912002921,-0.0007520535145886242,-0.0003662060771603137,0.0,0.0,0.0,0.0,0.0,0.0,0.0,0.0,0.0,0.0,0.0,0.0,0.0,0.0,0.0,0.0,0.0,0.0,0.0,0.0,0.0,0.0,0.0,0.0,0.0
B_16,-0.0017849691212177277,0.001594814588315785,-0.0007832323317416012,0.0013070948189124465,-0.0008641266613267362,0.0009498087456449866,-0.0017152497312054038,3.523385021253489e-05,-1.7655922420090064e-05,0.0008820451330393553,4.092264862265438e-05,0.0004974000039510429,0.0013855112483724952,0.0008865771815180779,-0.00027694361051544547,-0.0007492575095966458,0.0010927481343969703,-0.0004989291774109006,-0.0008676635916344821,-0.00014265076606534421,0.0017899790545925498,-2.407789543212857e-05,0.0012993948766961694,0.001729666953906417,-0.00123218959197402,0.0,0.0,0.0,0.0,0.0,0.0,0.0,0.0,0.0,0.0,0.0,0.0,0.0,0.0,0.0,0.0,0.0,0.0,0.0,0.0,0.0,0.0,0.0,0.0,0.0
B_17,6.793162901885808e-05,-0.000923787709325552,0.0011032271431759,-0.00046461474266834557,-0.0014779748162254691,4.116292257094756e-05,0.0004168305895291269,-0.0007587679428979754,0.001090630074031651,0.0011361173819750547,0.0008503363351337612,-0.0008328307303600013,-0.0005633773980662227,-0.0007235434604808688,-7.872840797062963e-05,-0.0010645041475072503,-0.0010046836687251925,0.0006120970356278121,0.0012664936948567629,-0.0011627778876572847,-0.00020489034068305045,-0.001074145082384348,-0.0008623619214631617,2.321479314559838e-06,0.0013844587374478579,0.0,0.0,0.0,0.0,0.0,0.0,0.0,0.0,0.0,0.0,0.0,0.0,0.0,0.0,0.0,0.0,0.0,0.0,0.0,0.0,0.0,0.0,0.0,0.0,0.0
B_18,-0.0008437304641120136,-0.001232849434018135,0.0013228545431047678,0.000570842414163053,-0.0006054480909369886,-0.00012512391549535096,0.0001655509404372424,-0.0004071465809829533,0.000354467862052843,-0.00016338142449967563,-0.001096715102903545,-0.00044378265738487244,7.127717981347814e-05,0.001371582504361868,-0.0001503681269241497,0.00014199742872733623,-0.0013400812167674303,-0.0004122462123632431,0.0007029850385151803,0.0009281415259465575,3.1468032830161974e-05,-0.0013965475372970104,-0.0004795050772372633,-0.0009634437155909836,-0.0001894965098472312,0.0,0.0,0.0,0.0,0.0,0.0,0.0,0.0,0.0,0.0,0.0,0.0,0.0,0.0,0.0,0.0,0.0,0.0,0.0,0.0,0.0,0.0,0.0,0.0,0.0
B_19,-0.00158150983043015,-0.0006947824149392545,0.0010358006693422794,-0.0010356816928833723,-0.0006778612732887268,-0.00017030868912115693,0.0012051236117258668,0.0011626993073150516,0.0020555530209094286,-0.0008357702754437923,-5.189605144551024e-05,0.001252068323083222,0.000505753792822361,0.0005856485804542899,0.00035316377761773765,-0.00045633901027031243,-0.0008689523674547672,0.00024818142992444336,-0.0014364495873451233,-0.0002789809659589082,0.00012953823897987604,0.001124985166825354,-0.0011729290708899498,0.0004187050217296928,-0.0001408026582794264,0.0,0.0,0.0,0.0,0.0,0.0,0.0,0.0,0.0,0.0,0.0,0.0,0.0,0.0,0.0,0.0,0.0,0.0,0.0,0.0,0.0,0.0,0.0,0.0,0.0
B_20,-0.00030341825913637877,-3.4197182685602456e-05,0.0006577159510925412,-0.002772259758785367,0.0007598971133120358,0.00046465217019431293,-0.0004898853949271142,0.0012001488357782364,-0.0006048678187653422,0.0011069620959460735,-0.0012112532276660204,7.099359208950773e-05,0.0014747735112905502,0.0017480127280578017,0.0006477654678747058,-0.0015644162194803357,0.0009667823906056583,0.0006831581704318523,-0.0022614807821810246,-0.00011322752106934786,-0.0016941664507612586,0.00031069101532921195,0.00095472572138533,-0.0007721545989625156,-3.9613849367015064e-05,0.0,0.0,0.0,0.0,0.0,0.0,0.0,0.0,0.0,0.0,0.0,0.0,0.0,0.0,0.0,0.0,0.0,0.0,0.0,0.0,0.0,0.0,0.0,0.0,0.0
B_21,0.0016183987027034163,0.0009269712027162313,-0.0015174765139818192,-0.0005976446554996073,-0.000772220257204026,0.0015270332805812359,0.0003562347555998713,-0.0001334161643171683,-0.0004691033682320267,0.00011644051846815273,0.00017068517627194524,-0.00018962759349960834,-0.001652085455134511,-0.0007773562683723867,-0.0017132910434156656,0.0004212336498312652,0.000997057999484241,0.0017268821829929948,-0.0005875919596292078,0.000984558486379683,0.0007032587891444564,0.00037278817035257816,-0.00046256306814029813,-0.0021315990015864372,0.0006340898689813912,0.0,0.0,0.0,0.0,0.0,0.0,0.0,0.0,0.0,0.0,0.0,0.0,0.0,0.0,0.0,0.0,0.0,0.0,0.0,0.0,0.0,0.0,0.0,0.0,0.0
B_22,-0.001256580580957234,-0.00123530940618366,-0.0005164535250514746,0.0010602776892483234,0.00048275120207108557,0.00040077586891129613,0.0007514434983022511,0.0009168297983705997,0.0008045706199482083,0.0009390286868438125,-0.0007157791987992823,-0.0009772416669875383,0.0018199391197413206,3.598709372454323e-05,0.0006969632813706994,1.168209382740315e-05,-0.00019084005907643586,-0.000574926205445081,0.0006339335814118385,0.0005218129954300821,-0.001236282754689455,-0.0001406673836754635,-0.0008715672884136438,-0.0006023122696205974,-0.001041836803779006,0.0,0.0,0.0,0.0,0.0,0.0,0.0,0.0,0.0,0.0,0.0,0.0,0.0,0.0,0.0,0.0,0.0,0.0,0.0,0.0,0.0,0.0,0.0,0.0,0.0
B_23,-0.000483338808408007,0.000408466235967353,-0.0017203012248501182,0.0001785534550435841,-0.0002709192631300539,0.0003585524100344628,0.0008178991847671568,0.0009140666807070374,5.414978659246117e-05,-0.0012711180606856942,0.001050796126946807,-0.0006178969633765519,0.0005587574560195208,0.0009686260600574315,-0.0003546341322362423,-0.00048587407218292356,0.0009360301773995161,0.0010993573814630508,-0.0003581730416044593,0.00028135639149695635,-0.00032755936263129115,-0.0007921979413367808,-3.4813201637007296e-05,0.0009712714236229658,-0.000714413879904896,0.0,0.0,0.0,0.0,0.0,0.0,0.0,0.0,0.0,0.0,0.0,0.0,0.0,0.0,0.0,0.0,0.0,0.0,0.0,0.0,0.0,0.0,0.0,0.0,0.0
B_24,-0.0002299919433426112,-0.0005950586637482047,0.0006866147741675377,0.0008639268344268203,0.0011863157851621509,8.784061355981976e-05,0.000258917105384171,-0.0009504423942416906,0.00042585277697071433,-0.0011849876027554274,-0.001033636974170804,-0.0016389850061386824,0.001401535584591329,0.0019308931659907103,7.196104706963524e-05,0.000933073868509382,0.0009848452173173428,-0.0016713289078325033,0.0005816029733978212,0.00022223878477234393,-0.0008565050666220486,-0.0012865543831139803,-0.001345772878266871,0.0007455829181708395,0.0002853411715477705,0.0,0.0,0.0,0.0,0.0,0.0,0.0,0.0,0.0,0.0,0.0,0.0,0.0,0.0,0.0,0.0,0.0,0.0,0.0,0.0,0.0,0.0,0.0,0.0,0.0
