run_id,condition,mse,routing_separation,genome
cnear_s0_i0.0001_pABABAB_ppc2,near,0.3766812319359319,1.0,000000111111
cnear_s0_i0.0001_pABABAB_ppc2,near,0.3220597444345582,0.6666666865348816,000000111001
cnear_s0_i0.0001_pABABAB_ppc2,near,0.3036495132414116,0.5,000000101001
cnear_s0_i0.0001_pABABAB_ppc2,near,0.2990060481824912,0.16666662693023682,110011101111
cnear_s0_i0.0001_pABABAB_ppc2,near,0.3767360166265545,1.0,000000111111
cnear_s0_i0.0001_pABABAB_ppc2,near,0.32340126392029395,0.6666666865348816,000000111001
cnear_s0_i0.0001_pABABAB_ppc2,near,0.31294059685685416,0.5,111000111111
cnear_s0_i0.0001_pABABAB_ppc2,near,0.30252143404240167,0.16666662693023682,110011101111
cnear_s0_i0.0001_pABABAB_ppc2,near,0.37718251129527663,1.0,000000111111
cnear_s0_i0.0001_pABABAB_ppc2,near,0.3250002895312553,0.6666666865348816,000000111001
cnear_s0_i0.0001_pABABAB_ppc2,near,0.3133561851903902,0.5,111000111111
cnear_s0_i0.0001_pABABAB_ppc2,near,0.30353351029705,0.16666662693023682,110011101111
cnear_s0_i0.0001_pABABAB_ppc2,near,0.37759895237501373,1.0,000000111111
cnear_s0_i0.0001_pABABAB_ppc2,near,0.3418886604909362,0.6666666865348816,000000110110
cnear_s0_i0.0001_pABABAB_ppc2,near,0.3145292137209749,0.5,111000111111
cnear_s0_i0.0001_pABABAB_ppc2,near,0.3040872377337523,0.16666662693023682,110011101111
cnear_s0_i0.0001_pABABAB_ppc2,near,0.3776814210524952,1.0,000000111111
cnear_s0_i0.0001_pABABAB_ppc2,near,0.3422150640293363,0.6666666865348816,000000110110
cnear_s0_i0.0001_pABABAB_ppc2,near,0.31484893285563553,0.5,111000111111
cnear_s0_i0.0001_pABABAB_ppc2,near,0.305033474835165,0.16666662693023682,110011101111
cnear_s0_i0.0001_pABABAB_ppc2,near,0.3781710637267679,1.0,000000111111
cnear_s0_i0.0001_pABABAB_ppc2,near,0.3425662355320211,0.6666666865348816,000000110110
cnear_s0_i0.0001_pABABAB_ppc2,near,0.315231360327082,0.5,111000111111
cnear_s0_i0.0001_pABABAB_ppc2,near,0.3053880504607646,0.16666662693023682,110011101111
cnear_s0_i0.0001_pABABAB_ppc2,near,0.37885530009357765,1.0,000000111111
cnear_s0_i0.0001_pABABAB_ppc2,near,0.3781894811876224,0.8333333134651184,000000101111
cnear_s0_i0.0001_pABABAB_ppc2,near,0.34722897850125184,0.6666666865348816,000000110110
cnear_s0_i0.0001_pABABAB_ppc2,near,0.34287494821844366,0.5000000149011612,010000110101
cnear_s0_i0.0001_pABABAB_ppc2,near,0.315475930209769,0.5,111000111111
cnear_s0_i0.0001_pABABAB_ppc2,near,0.3060495632340793,0.16666662693023682,110011101111
cnear_s0_i0.0001_pABABAB_ppc2,near,0.37902696775695816,1.0,000000111111
cnear_s0_i0.0001_pABABAB_ppc2,near,0.37860553148096765,0.8333333134651184,000000101111
cnear_s0_i0.0001_pABABAB_ppc2,near,0.3485307506899434,0.6666666865348816,000000110110
cnear_s0_i0.0001_pABABAB_ppc2,near,0.34311531557151204,0.5000000149011612,010000110101
cnear_s0_i0.0001_pABABAB_ppc2,near,0.31565691331442475,0.5,111000111111
cnear_s0_i0.0001_pABABAB_ppc2,near,0.30695932133709325,0.16666662693023682,110011101111
cnear_s0_i0.0001_pABABAB_ppc2,near,0.37943985499441624,1.0,000000111111
cnear_s0_i0.0001_pABABAB_ppc2,near,0.37678129941394384,0.6666666865348816,000000101101
cnear_s0_i0.0001_pABABAB_ppc2,near,0.3702219151124485,0.6666666567325592,011000111111
cnear_s0_i0.0001_pABABAB_ppc2,near,0.3657719433857975,0.666666641831398,000100111101
cnear_s0_i0.0001_pABABAB_ppc2,near,0.359430943757285,0.5000000149011612,010000101110
cnear_s0_i0.0001_pABABAB_ppc2,near,0.3160271071617238,0.5,111000111111
cnear_s0_i0.0001_pABABAB_ppc2,near,0.408391331552676,0.8333333283662796,100000111111
cnear_s0_i0.0001_pABABAB_ppc2,near,0.31608978832214646,0.5,111000111111
cnear_s0_i0.0001_pABABAB_ppc3,near,0.5424258363218262,1.0,000000111111
cnear_s0_i0.0001_pABABAB_ppc3,near,0.5289273781558642,0.8333333283662796,000010111111
cnear_s0_i0.0001_pABABAB_ppc3,near,0.47960111018843377,0.8333333134651184,000000011111
cnear_s0_i0.0001_pABABAB_ppc3,near,0.4467542662070348,0.6666666567325592,010100111111
cnear_s0_i0.0001_pABABAB_ppc3,near,0.4131044209003448,0.5000000149011612,000100001111
cnear_s0_i0.0001_pABABAB_ppc3,near,0.5425109140646572,1.0,000000111111
cnear_s0_i0.0001_pABABAB_ppc3,near,0.5315135871131833,0.8333333283662796,000010111111
cnear_s0_i0.0001_pABABAB_ppc3,near,0.48051813290669365,0.8333333134651184,000000011111
cnear_s0_i0.0001_pABABAB_ppc3,near,0.44882419713987753,0.6666666567325592,010100111111
cnear_s0_i0.0001_pABABAB_ppc3,near,0.4164094774768903,0.5000000149011612,000100001111
cnear_s0_i0.0001_pABABAB_ppc3,near,0.5426510347769811,1.0,000000111111
cnear_s0_i0.0001_pABABAB_ppc3,near,0.5325724479384147,0.8333333283662796,000010111111
cnear_s0_i0.0001_pABABAB_ppc3,near,0.48154374008926637,0.8333333134651184,000000011111
cnear_s0_i0.0001_pABABAB_ppc3,near,0.45021816858878505,0.6666666567325592,010100111111
cnear_s0_i0.0001_pABABAB_ppc3,near,0.44929764897634206,0.666666641831398,000010101111
cnear_s0_i0.0001_pABABAB_ppc3,near,0.416974919830234,0.5000000149011612,000100001111
cnear_s0_i0.0001_pABABAB_ppc3,near,0.5438141548003141,1.0,000000111111
cnear_s0_i0.0001_pABABAB_ppc3,near,0.5332996077119158,0.8333333283662796,000010111111
cnear_s0_i0.0001_pABABAB_ppc3,near,0.4818078101505167,0.8333333134651184,000000011111
cnear_s0_i0.0001_pABABAB_ppc3,near,0.45405346395877694,0.6666666567325592,010100111111
cnear_s0_i0.0001_pABABAB_ppc3,near,0.44950638266566856,0.666666641831398,000010101111
cnear_s0_i0.0001_pABABAB_ppc3,near,0.4173056682428488,0.5000000149011612,000100001111
cnear_s0_i0.0001_pABABAB_ppc3,near,0.5440961308777332,1.0,000000111111
cnear_s0_i0.0001_pABABAB_ppc3,near,0.5347773156487025,0.8333333283662796,000010111111
cnear_s0_i0.0001_pABABAB_ppc3,near,0.4823712307449359,0.8333333134651184,000000011111
cnear_s0_i0.0001_pABABAB_ppc3,near,0.45657126983770957,0.6666666567325592,010100111111
cnear_s0_i0.0001_pABABAB_ppc3,near,0.44954967351200487,0.666666641831398,000010101111
cnear_s0_i0.0001_pABABAB_ppc3,near,0.41767018877256373,0.5000000149011612,000100001111
cnear_s0_i0.0001_pABABAB_ppc3,near,0.5447126534624168,1.0,000000111111
cnear_s0_i0.0001_pABABAB_ppc3,near,0.5362881387798832,0.8333333283662796,000010111111
cnear_s0_i0.0001_pABABAB_ppc3,near,0.48313310297492607,0.8333333134651184,000000011111
cnear_s0_i0.0001_pABABAB_ppc3,near,0.45783614235428666,0.6666666567325592,010100111111
cnear_s0_i0.0001_pABABAB_ppc3,near,0.450170182916694,0.666666641831398,000010101111
cnear_s0_i0.0001_pABABAB_ppc3,near,0.41799473046110225,0.5000000149011612,000100001111
cnear_s0_i0.0001_pABABAB_ppc3,near,0.5454614767446541,1.0,000000111111
cnear_s0_i0.0001_pABABAB_ppc3,near,0.5362993387505413,0.8333333283662796,000010111111
cnear_s0_i0.0001_pABABAB_ppc3,near,0.4832290650990147,0.8333333134651184,000000011111
cnear_s0_i0.0001_pABABAB_ppc3,near,0.45929706515027924,0.6666666567325592,010100111111
cnear_s0_i0.0001_pABABAB_ppc3,near,0.45066673781436223,0.666666641831398,000010101111
cnear_s0_i0.0001_pABABAB_ppc3,near,0.4184681809005829,0.5000000149011612,000100001111
cnear_s0_i0.0001_pABABAB_ppc3,near,0.5457011085505096,1.0,000000111111
cnear_s0_i0.0001_pABABAB_ppc3,near,0.41922983274293635,0.5000000149011612,000100001111
cnear_s0_i0.0001_pABABAB_ppc3,near,0.4832656092798481,0.8333333134651184,000000011111
cnear_s0_i0.0001_pABABAB_ppc3,near,0.45162649557997403,0.666666641831398,000010101111
cnear_s0_i0.0001_pABABABAB_ppc2,near,0.45509906198652783,1.0,000000111111
cnear_s0_i0.0001_pABABABAB_ppc2,near,0.41918225156806677,0.8333333283662796,010000111111
cnear_s0_i0.0001_pABABABAB_ppc2,near,0.39075708208989013,0.8333333134651184,000000111110
cnear_s0_i0.0001_pABABABAB_ppc2,near,0.380918084079769,0.6666666865348816,000000111100
cnear_s0_i0.0001_pABABABAB_ppc2,near,0.3782264136888412,0.666666641831398,000100101111
cnear_s0_i0.0001_pABABABAB_ppc2,near,0.32658336233073676,0.5000000149011612,000100101110
cnear_s0_i0.0001_pABABABAB_ppc2,near,0.4598298886758757,1.0,000000111111
cnear_s0_i0.0001_pABABABAB_ppc2,near,0.4212809871753742,0.8333333283662796,010000111111
cnear_s0_i0.0001_pABABABAB_ppc2,near,0.3931493453384409,0.8333333134651184,000000111110
cnear_s0_i0.0001_pABABABAB_ppc2,near,0.3813393102790197,0.6666666865348816,000000111100
cnear_s0_i0.0001_pABABABAB_ppc2,near,0.3303164627733199,0.5000000149011612,000100101110
cnear_s0_i0.0001_pABABABAB_ppc2,near,0.46026089182926405,1.0,000000111111
cnear_s0_i0.0001_pABABABAB_ppc2,near,0.42523454543171,0.8333333283662796,010000111111
cnear_s0_i0.0001_pABABABAB_ppc2,near,0.39381728317199177,0.8333333134651184,000000111110
cnear_s0_i0.0001_pABABABAB_ppc2,near,0.3818747668671582,0.6666666865348816,000000111100
cnear_s0_i0.0001_pABABABAB_ppc2,near,0.3310053948561886,0.5000000149011612,000100101110
cnear_s0_i0.0001_pABABABAB_ppc2,near,0.4608745736326894,1.0,000000111111
cnear_s0_i0.0001_pABABABAB_ppc2,near,0.425494079602529,0.8333333283662796,010000111111
cnear_s0_i0.0001_pABABABAB_ppc2,near,0.39460949160977554,0.8333333134651184,000000111110
cnear_s0_i0.0001_pABABABAB_ppc2,near,0.38393501366954297,0.6666666865348816,000000111100
cnear_s0_i0.0001_pABABABAB_ppc2,near,0.3838526301471324,0.666666641831398,000100101111
cnear_s0_i0.0001_pABABABAB_ppc2,near,0.33134418380735764,0.5000000149011612,000100101110
cnear_s0_i0.0001_pABABABAB_ppc2,near,0.46109441247094296,1.0,000000111111
cnear_s0_i0.0001_pABABABAB_ppc2,near,0.42600182786680246,0.8333333283662796,010000111111
cnear_s0_i0.0001_pABABABAB_ppc2,near,0.3947127723147097,0.8333333134651184,000000111110
cnear_s0_i0.0001_pABABABAB_ppc2,near,0.3849890665351895,0.6666666865348816,000000111100
cnear_s0_i0.0001_pABABABAB_ppc2,near,0.3840535949947762,0.666666641831398,000100101111
cnear_s0_i0.0001_pABABABAB_ppc2,near,0.33138772134131206,0.5000000149011612,000100101110
cnear_s0_i0.0001_pABABABAB_ppc2,near,0.4615784170475371,1.0,000000111111
cnear_s0_i0.0001_pABABABAB_ppc2,near,0.4261845512642296,0.8333333283662796,010000111111
cnear_s0_i0.0001_pABABABAB_ppc2,near,0.3948317780199557,0.8333333134651184,000000111110
cnear_s0_i0.0001_pABABABAB_ppc2,near,0.3853269876924279,0.6666666865348816,000000111100
cnear_s0_i0.0001_pABABABAB_ppc2,near,0.38441623704395544,0.666666641831398,000100101111
cnear_s0_i0.0001_pABABABAB_ppc2,near,0.33141019470299243,0.5000000149011612,000100101110
cnear_s0_i0.0001_pABABABAB_ppc2,near,0.46164482878521085,1.0,000000111111
cnear_s0_i0.0001_pABABABAB_ppc2,near,0.42678163632959254,0.8333333283662796,010000111111
cnear_s0_i0.0001_pABABABAB_ppc2,near,0.3950440184952609,0.8333333134651184,000000111110
cnear_s0_i0.0001_pABABABAB_ppc2,near,0.3854226366905817,0.6666666865348816,000000111100
cnear_s0_i0.0001_pABABABAB_ppc2,near,0.38530474334979303,0.666666641831398,000100101111
cnear_s0_i0.0001_pABABABAB_ppc2,near,0.3314952307444965,0.5000000149011612,000100101110
cnear_s0_i0.0001_pABABABAB_ppc2,near,0.4617501011455496,1.0,000000111111
cnear_s0_i0.0001_pABABABAB_ppc2,near,0.3315693721042721,0.5000000149011612,000100101110
cnear_s0_i0.0001_pABABABAB_ppc2,near,0.38568805113177873,0.6666666865348816,000000111100
cnear_s0_i0.0001_pABABABAB_ppc2,near,0.4282488038217456,0.8333333283662796,010000111111
cnear_s0_i0.0001_pABABABAB_ppc3,near,0.53148318172015,1.0,000000111111
cnear_s0_i0.0001_pABABABAB_ppc3,near,0.5220200438266513,0.8333333283662796,000001111111
cnear_s0_i0.0001_pABABABAB_ppc3,near,0.51719948306851,0.6666666865348816,000000011110
cnear_s0_i0.0001_pABABABAB_ppc3,near,0.48513972746400996,0.6666666567325592,101000111111
cnear_s0_i0.0001_pABABABAB_ppc3,near,0.4665721246983385,0.666666641831398,001000111110
cnear_s0_i0.0001_pABABABAB_ppc3,near,0.45631841493063957,0.5000000149011612,001000111100
cnear_s0_i0.0001_pABABABAB_ppc3,near,0.44919942822521447,0.4999999701976776,110000111110
cnear_s0_i0.0001_pABABABAB_ppc3,near,0.4367589020523532,0.0,111000001101
cnear_s0_i0.0001_pABABABAB_ppc3,near,0.5333932454044792,1.0,000000111111
cnear_s0_i0.0001_pABABABAB_ppc3,near,0.5255307631203155,0.8333333283662796,000001111111
cnear_s0_i0.0001_pABABABAB_ppc3,near,0.5177994382449951,0.6666666865348816,000000011110
cnear_s0_i0.0001_pABABABAB_ppc3,near,0.4860089077004071,0.6666666567325592,101000111111
cnear_s0_i0.0001_pABABABAB_ppc3,near,0.467286569532007,0.666666641831398,001000111110
cnear_s0_i0.0001_pABABABAB_ppc3,near,0.45877692621501015,0.5000000149011612,001000111100
cnear_s0_i0.0001_pABABABAB_ppc3,near,0.4521958680031286,0.4999999701976776,110000111110
cnear_s0_i0.0001_pABABABAB_ppc3,near,0.44970852905488307,0.1666666865348816,111001001101
cnear_s0_i0.0001_pABABABAB_ppc3,near,0.437084559040765,0.0,111000001101
cnear_s0_i0.0001_pABABABAB_ppc3,near,0.5346369857889139,1.0,000000111111
cnear_s0_i0.0001_pABABABAB_ppc3,near,0.5288066047018972,0.8333333283662796,000001111111
cnear_s0_i0.0001_pABABABAB_ppc3,near,0.5185133724034517,0.6666666865348816,000000110110
cnear_s0_i0.0001_pABABABAB_ppc3,near,0.48667254502317686,0.6666666567325592,101000111111
cnear_s0_i0.0001_pABABABAB_ppc3,near,0.46840616775912114,0.666666641831398,001000111110
cnear_s0_i0.0001_pABABABAB_ppc3,near,0.4590436705527292,0.5000000149011612,001000111100
cnear_s0_i0.0001_pABABABAB_ppc3,near,0.45236408800400535,0.4999999701976776,110000111110
cnear_s0_i0.0001_pABABABAB_ppc3,near,0.45192663548728346,0.1666666865348816,111001001101
cnear_s0_i0.0001_pABABABAB_ppc3,near,0.4384046453773847,0.0,111000001101
cnear_s0_i0.0001_pABABABAB_ppc3,near,0.5353626586368372,1.0,000000111111
cnear_s0_i0.0001_pABABABAB_ppc3,near,0.5299305921399046,0.8333333283662796,000001111111
cnear_s0_i0.0001_pABABABAB_ppc3,near,0.518608276271957,0.6666666865348816,000000011110
cnear_s0_i0.0001_pABABABAB_ppc3,near,0.4875042594797995,0.6666666567325592,101000111111
cnear_s0_i0.0001_pABABABAB_ppc3,near,0.4698902575149276,0.666666641831398,001000111110
cnear_s0_i0.0001_pABABABAB_ppc3,near,0.46018334949153594,0.5000000149011612,001000111100
cnear_s0_i0.0001_pABABABAB_ppc3,near,0.45349664248836535,0.4999999701976776,110000111110
cnear_s0_i0.0001_pABABABAB_ppc3,near,0.45260855681851675,0.1666666865348816,111001001101
cnear_s0_i0.0001_pABABABAB_ppc3,near,0.43896882852603647,0.0,111000001101
cnear_s0_i0.0001_pABABABAB_ppc3,near,0.5358545168292248,1.0,000000111111
cnear_s0_i0.0001_pABABABAB_ppc3,near,0.5301077787218422,0.8333333283662796,000001111111
cnear_s0_i0.0001_pABABABAB_ppc3,near,0.4882602922875306,0.6666666567325592,101000111111
cnear_s0_i0.0001_pABABABAB_ppc3,near,0.4704865060275656,0.666666641831398,001000111110
cnear_s0_i0.0001_pABABABAB_ppc3,near,0.4615446988214878,0.5000000149011612,001000111100
cnear_s0_i0.0001_pABABABAB_ppc3,near,0.4539840225847545,0.4999999701976776,110000111110
cnear_s0_i0.0001_pABABABAB_ppc3,near,0.45305821184475703,0.1666666865348816,111001001101
cnear_s0_i0.0001_pABABABAB_ppc3,near,0.439287906986308,0.0,111000001101
cnear_s0_i0.0001_pABABABAB_ppc3,near,0.5362249352037907,1.0,000000111111
cnear_s0_i0.001_pABABAB_ppc2,near,0.37451270762407646,1.0,000000111111
cnear_s0_i0.001_pABABAB_ppc2,near,0.32110274877314543,0.6666666865348816,000000111001
cnear_s0_i0.001_pABABAB_ppc2,near,0.3151857956227931,0.6666666567325592,111111001100
cnear_s0_i0.001_pABABAB_ppc2,near,0.2933626947501166,0.5,000000101001
cnear_s0_i0.001_pABABAB_ppc2,near,0.37536651851736347,1.0,000000111111
cnear_s0_i0.001_pABABAB_ppc2,near,0.3213552267459983,0.6666666865348816,000000111001
cnear_s0_i0.001_pABABAB_ppc2,near,0.2958643659525974,0.5,000000101001
cnear_s0_i0.001_pABABAB_ppc2,near,0.37599697141823446,1.0,000000111111
cnear_s0_i0.001_pABABAB_ppc2,near,0.3216214153322984,0.6666666865348816,000000111001
cnear_s0_i0.001_pABABAB_ppc2,near,0.2962299616668712,0.5,000000101001
cnear_s0_i0.001_pABABAB_ppc2,near,0.3760927597124299,1.0,000000111111
cnear_s0_i0.001_pABABAB_ppc2,near,0.3221090878280599,0.6666666865348816,000000111001
cnear_s0_i0.001_pABABAB_ppc2,near,0.29627568096938456,0.5,000000101001
cnear_s0_i0.001_pABABAB_ppc2,near,0.3761518015737899,1.0,000000111111
cnear_s0_i0.001_pABABAB_ppc2,near,0.32219870057253336,0.6666666865348816,000000111001
cnear_s0_i0.001_pABABAB_ppc2,near,0.29645949390462856,0.5,000000101001
cnear_s0_i0.001_pABABAB_ppc2,near,0.37625497465275903,1.0,000000111111
cnear_s0_i0.001_pABABAB_ppc2,near,0.3222401391963517,0.6666666865348816,000000111001
cnear_s0_i0.001_pABABAB_ppc2,near,0.29655048907311127,0.5,000000101001
cnear_s0_i0.001_pABABAB_ppc2,near,0.3765953032045879,1.0,000000111111
cnear_s0_i0.001_pABABAB_ppc2,near,0.32233056028648704,0.6666666865348816,000000111001
cnear_s0_i0.001_pABABAB_ppc2,near,0.2968642530454831,0.5,000000101001
cnear_s0_i0.001_pABABAB_ppc2,near,0.37673243651674554,1.0,000000111111
cnear_s0_i0.001_pABABAB_ppc2,near,0.32235441632854583,0.6666666865348816,000000111001
cnear_s0_i0.001_pABABAB_ppc2,near,0.2970990073782476,0.5,000000101001
cnear_s0_i0.001_pABABAB_ppc2,near,0.37694513899358834,1.0,000000111111
cnear_s0_i0.001_pABABAB_ppc2,near,0.32241232492643496,0.6666666865348816,000000111001
cnear_s0_i0.001_pABABAB_ppc2,near,0.2972680420022119,0.5,000000101001
cnear_s0_i0.001_pABABAB_ppc2,near,0.3769876559751786,1.0,000000111111
cnear_s0_i0.001_pABABAB_ppc2,near,0.3225158409914002,0.6666666865348816,000000111001
cnear_s0_i0.001_pABABAB_ppc2,near,0.2973310438259928,0.5,000000101001
cnear_s0_i0.001_pABABAB_ppc2,near,0.3770118309396573,1.0,000000111111
cnear_s0_i0.001_pABABAB_ppc2,near,0.3226283964573998,0.6666666865348816,000000111001
cnear_s0_i0.001_pABABAB_ppc2,near,0.2973931607874957,0.5,000000101001
cnear_s0_i0.001_pABABAB_ppc2,near,0.3770526345734569,1.0,000000111111
cnear_s0_i0.001_pABABAB_ppc2,near,0.3228668366156688,0.6666666865348816,000000111001
cnear_s0_i0.001_pABABAB_ppc2,near,0.29784167811951856,0.5,000000101001
cnear_s0_i0.001_pABABAB_ppc2,near,0.37739203006706457,1.0,000000111111
cnear_s0_i0.001_pABABAB_ppc2,near,0.37739070063798863,0.8333333134651184,000000101111
cnear_s0_i0.001_pABABAB_ppc2,near,0.32299564487766474,0.6666666865348816,000000111001
cnear_s0_i0.001_pABABAB_ppc2,near,0.29790742974728346,0.5,000000101001
cnear_s0_i0.001_pABABAB_ppc2,near,0.37754299442961137,1.0,000000111111
cnear_s0_i0.001_pABABAB_ppc2,near,0.32313788050669245,0.6666666865348816,000000111001
cnear_s0_i0.001_pABABAB_ppc2,near,0.2979130946438421,0.5,000000101001
cnear_s0_i0.001_pABABAB_ppc3,near,0.5434640923335862,1.0,000000111111
cnear_s0_i0.001_pABABAB_ppc3,near,0.5271958351923296,0.8333333283662796,000010111111
cnear_s0_i0.001_pABABAB_ppc3,near,0.47633928556281785,0.8333333134651184,000000011111
cnear_s0_i0.001_pABABAB_ppc3,near,0.45053697377443314,0.666666641831398,000010101111
cnear_s0_i0.001_pABABAB_ppc3,near,0.4320048311581978,0.5000000149011612,000010101101
cnear_s0_i0.001_pABABAB_ppc3,near,0.42737403387347095,0.5,000000101100
cnear_s0_i0.001_pABABAB_ppc3,near,0.4004986502713739,0.0,010011101010
cnear_s0_i0.001_pABABAB_ppc3,near,0.5436262677495296,1.0,000000111111
cnear_s0_i0.001_pABABAB_ppc3,near,0.5282218092765946,0.8333333283662796,000010111111
cnear_s0_i0.001_pABABAB_ppc3,near,0.48229339473926724,0.8333333134651184,000000011111
cnear_s0_i0.001_pABABAB_ppc3,near,0.4816730286926031,0.6666666567325592,001010111111
cnear_s0_i0.001_pABABAB_ppc3,near,0.4510151945627653,0.666666641831398,000010101111
cnear_s0_i0.001_pABABAB_ppc3,near,0.4366494047956971,0.5000000149011612,000010101101
cnear_s0_i0.001_pABABAB_ppc3,near,0.42855975683778524,0.5,000000101100
cnear_s0_i0.001_pABABAB_ppc3,near,0.4277305779154771,0.1666666865348816,011110101100
cnear_s0_i0.001_pABABAB_ppc3,near,0.40542471412246905,0.0,010011101010
cnear_s0_i0.001_pABABAB_ppc3,near,0.5436319858265611,1.0,000000111111
cnear_s0_i0.001_pABABAB_ppc3,near,0.5325884633339368,0.8333333283662796,000010111111
cnear_s0_i0.001_pABABAB_ppc3,near,0.4823275002865837,0.8333333134651184,000000011111
cnear_s0_i0.001_pABABAB_ppc3,near,0.4511715893848584,0.666666641831398,000010101111
cnear_s0_i0.001_pABABAB_ppc3,near,0.4394555865500409,0.5000000149011612,000010101101
cnear_s0_i0.001_pABABAB_ppc3,near,0.429332864513764,0.5,000000101100
cnear_s0_i0.001_pABABAB_ppc3,near,0.5442443824946307,1.0,000000111111
cnear_s0_i0.001_pABABAB_ppc3,near,0.5327016188834722,0.8333333283662796,000010111111
cnear_s0_i0.001_pABABAB_ppc3,near,0.4824272576875116,0.8333333134651184,000000011111
cnear_s0_i0.001_pABABAB_ppc3,near,0.45454312519241985,0.666666641831398,000010101111
cnear_s0_i0.001_pABABAB_ppc3,near,0.44061620645225047,0.5000000149011612,000010101101
cnear_s0_i0.001_pABABAB_ppc3,near,0.4298488998140853,0.5,000000101100
cnear_s0_i0.001_pABABAB_ppc3,near,0.5449567016500693,1.0,000000111111
cnear_s0_i0.001_pABABAB_ppc3,near,0.5352552800797499,0.8333333283662796,000010111111
cnear_s0_i0.001_pABABAB_ppc3,near,0.48330500713692837,0.8333333134651184,000000011111
cnear_s0_i0.001_pABABAB_ppc3,near,0.45509062494652774,0.666666641831398,000010101111
cnear_s0_i0.001_pABABAB_ppc3,near,0.4442076402501418,0.5000000149011612,000010101101
cnear_s0_i0.001_pABABAB_ppc3,near,0.4303182045857494,0.5,000000101100
cnear_s0_i0.001_pABABAB_ppc3,near,0.5450406750807395,1.0,000000111111
cnear_s0_i0.001_pABABAB_ppc3,near,0.5356183646604992,0.8333333283662796,000010111111
cnear_s0_i0.001_pABABAB_ppc3,near,0.484075945454578,0.8333333134651184,000000011111
cnear_s0_i0.001_pABABAB_ppc3,near,0.45512979501285233,0.666666641831398,000010101111
cnear_s0_i0.001_pABABAB_ppc3,near,0.4447263170320254,0.5000000149011612,000010101101
cnear_s0_i0.001_pABABAB_ppc3,near,0.4305345036375981,0.5,000000101100
cnear_s0_i0.001_pABABAB_ppc3,near,0.5452013176937516,1.0,000000111111
cnear_s0_i0.001_pABABAB_ppc3,near,0.4308364335160989,0.5,000000101100
cnear_s0_i0.001_pABABAB_ppc3,near,0.4841247980411236,0.8333333134651184,000000011111
cnear_s0_i0.001_pABABAB_ppc3,near,0.4557648670286513,0.666666641831398,000010101111
cnear_s0_i0.001_pABABABAB_ppc2,near,0.4610070236998707,1.0,000000111111
cnear_s0_i0.001_pABABABAB_ppc2,near,0.42159591769349986,0.8333333283662796,010000111111
cnear_s0_i0.001_pABABABAB_ppc2,near,0.3933323684448561,0.8333333134651184,000000111110
cnear_s0_i0.001_pABABABAB_ppc2,near,0.38107971306729677,0.6666666865348816,000000111100
cnear_s0_i0.001_pABABABAB_ppc2,near,0.34366173654441434,0.6666666567325592,000011111111
cnear_s0_i0.001_pABABABAB_ppc2,near,0.3294576571392225,0.5000000149011612,000100101110
cnear_s0_i0.001_pABABABAB_ppc2,near,0.46109891247710794,1.0,000000111111
cnear_s0_i0.001_pABABABAB_ppc2,near,0.42325761972460896,0.8333333283662796,010000111111
cnear_s0_i0.001_pABABABAB_ppc2,near,0.39558228847153226,0.8333333134651184,000000111110
cnear_s0_i0.001_pABABABAB_ppc2,near,0.38345922756908013,0.6666666865348816,000000111100
cnear_s0_i0.001_pABABABAB_ppc2,near,0.34418934464840023,0.6666666567325592,000011111111
cnear_s0_i0.001_pABABABAB_ppc2,near,0.3298359389742033,0.5000000149011612,000100101110
cnear_s0_i0.001_pABABABAB_ppc2,near,0.46243572950860934,1.0,000000111111
cnear_s0_i0.001_pABABABAB_ppc2,near,0.4243795717012635,0.8333333283662796,010000111111
cnear_s0_i0.001_pABABABAB_ppc2,near,0.39598804383020814,0.8333333134651184,000000111110
cnear_s0_i0.001_pABABABAB_ppc2,near,0.3845555444392536,0.6666666865348816,000000111100
cnear_s0_i0.001_pABABABAB_ppc2,near,0.3442574155372407,0.6666666567325592,000011111111
cnear_s0_i0.001_pABABABAB_ppc2,near,0.330193201777453,0.5000000149011612,000100101110
cnear_s0_i0.001_pABABABAB_ppc2,near,0.46309162502915696,1.0,000000111111
cnear_s0_i0.001_pABABABAB_ppc2,near,0.4245483279709929,0.8333333283662796,010000111111
cnear_s0_i0.001_pABABABAB_ppc2,near,0.39636014621496074,0.8333333134651184,000000111110
cnear_s0_i0.001_pABABABAB_ppc2,near,0.3850581191544389,0.6666666865348816,000000111100
cnear_s0_i0.001_pABABABAB_ppc2,near,0.3460592069534649,0.6666666567325592,000011111111
cnear_s0_i0.001_pABABABAB_ppc2,near,0.33076623245192577,0.5000000149011612,000100101110
cnear_s0_i0.001_pABABABAB_ppc2,near,0.4631575840396871,1.0,000000111111
cnear_s0_i0.001_pABABABAB_ppc2,near,0.42456430628703073,0.8333333283662796,010000111111
cnear_s0_i0.001_pABABABAB_ppc2,near,0.3964384257460238,0.8333333134651184,000000111110
cnear_s0_i0.001_pABABABAB_ppc2,near,0.38910496506261927,0.6666666865348816,000000111100
cnear_s0_i0.001_pABABABAB_ppc2,near,0.3464460074841366,0.6666666567325592,000011111111
cnear_s0_i0.001_pABABABAB_ppc2,near,0.33089433563371384,0.5000000149011612,000100101110
cnear_s0_i0.001_pABABABAB_ppc2,near,0.46356174839532066,1.0,000000111111
cnear_s0_i0.001_pABABABAB_ppc2,near,0.4248469419062844,0.8333333283662796,010000111111
cnear_s0_i0.001_pABABABAB_ppc2,near,0.3965636947217843,0.8333333134651184,000000111110
cnear_s0_i0.001_pABABABAB_ppc2,near,0.38916547927234707,0.6666666865348816,000000111100
cnear_s0_i0.001_pABABABAB_ppc2,near,0.34667840383641807,0.6666666567325592,000011111111
cnear_s0_i0.001_pABABABAB_ppc2,near,0.3309448196112122,0.5000000149011612,000100101110
cnear_s0_i0.001_pABABABAB_ppc2,near,0.4637036062817186,1.0,000000111111
cnear_s0_i0.001_pABABABAB_ppc2,near,0.4250625091374567,0.8333333283662796,010000111111
cnear_s0_i0.001_pABABABAB_ppc2,near,0.3965724536608142,0.8333333134651184,000000111110
cnear_s0_i0.001_pABABABAB_ppc2,near,0.39211161732914507,0.6666666865348816,000000111100
cnear_s0_i0.001_pABABABAB_ppc2,near,0.34675002187000714,0.6666666567325592,000011111111
cnear_s0_i0.001_pABABABAB_ppc2,near,0.3311715075587613,0.5000000149011612,000100101110
cnear_s0_i0.001_pABABABAB_ppc2,near,0.4644879749133091,1.0,000000111111
cnear_s0_i0.001_pABABABAB_ppc2,near,0.33128524136002946,0.5000000149011612,000100101110
cnear_s0_i0.001_pABABABAB_ppc3,near,0.531994440175336,1.0,000000111111
cnear_s0_i0.001_pABABABAB_ppc3,near,0.48815088016890934,0.8333333283662796,111111001000
cnear_s0_i0.001_pABABABAB_ppc3,near,0.4869602135885721,0.6666666567325592,101000111111
cnear_s0_i0.001_pABABABAB_ppc3,near,0.439324372158996,0.666666641831398,000100111110
cnear_s0_i0.001_pABABABAB_ppc3,near,0.4281788975289413,0.5,111111000111
cnear_s0_i0.001_pABABABAB_ppc3,near,0.4142818311336397,0.3333333432674408,101011000101
cnear_s0_i0.001_pABABABAB_ppc3,near,0.5332565629191097,1.0,000000111111
cnear_s0_i0.001_pABABABAB_ppc3,near,0.48963421488972914,0.8333333283662796,111111001000
cnear_s0_i0.001_pABABABAB_ppc3,near,0.4876055532916524,0.6666666567325592,101000111111
cnear_s0_i0.001_pABABABAB_ppc3,near,0.445247286352618,0.666666641831398,000100111110
cnear_s0_i0.001_pABABABAB_ppc3,near,0.4306707537636675,0.5,111111000111
cnear_s0_i0.001_pABABABAB_ppc3,near,0.4152498979164266,0.3333333432674408,101011000101
cnear_s0_i0.001_pABABABAB_ppc3,near,0.5334732238759939,1.0,000000111111
cnear_s0_i0.001_pABABABAB_ppc3,near,0.49425605594598016,0.8333333283662796,111111000100
cnear_s0_i0.001_pABABABAB_ppc3,near,0.4879981242334363,0.6666666567325592,101000111111
cnear_s0_i0.001_pABABABAB_ppc3,near,0.4489422071532443,0.666666641831398,000100111110
cnear_s0_i0.001_pABABABAB_ppc3,near,0.43146758720856804,0.5,111111000111
cnear_s0_i0.001_pABABABAB_ppc3,near,0.41528223502053613,0.3333333432674408,101011000101
cnear_s0_i0.001_pABABABAB_ppc3,near,0.5353358492426489,1.0,000000111111
cnear_s0_i0.001_pABABABAB_ppc3,near,0.49446737958953296,0.8333333283662796,111111000100
cnear_s0_i0.001_pABABABAB_ppc3,near,0.4884374999366273,0.6666666567325592,111111001010
cnear_s0_i0.001_pABABABAB_ppc3,near,0.4496997572139077,0.666666641831398,000100111110
cnear_s0_i0.001_pABABABAB_ppc3,near,0.43202369423561743,0.5,111111000111
cnear_s0_i0.001_pABABABAB_ppc3,near,0.42124749966308306,0.3333333134651184,001101111110
cnear_s0_i0.001_pABABABAB_ppc3,near,0.5367804850055569,1.0,000000111111
cnear_s0_i0.001_pABABABAB_ppc3,near,0.4956718647274478,0.8333333283662796,111111000100
cnear_s0_i0.001_pABABABAB_ppc3,near,0.48879964765289735,0.6666666567325592,101000111111
cnear_s0_i0.001_pABABABAB_ppc3,near,0.4508185141623534,0.666666641831398,000100111110
cnear_s0_i0.001_pABABABAB_ppc3,near,0.43424838100527896,0.5,111111000111
cnear_s0_i0.001_pABABABAB_ppc3,near,0.42207323114291345,0.3333333134651184,001101111110
cnear_s0_i0.001_pABABABAB_ppc3,near,0.5369043515074527,1.0,000000111111
cnear_s0_i0.001_pABABABAB_ppc3,near,0.49633081336559237,0.8333333283662796,111111000100
cnear_s0_i0.001_pABABABAB_ppc3,near,0.4908512171743245,0.6666666567325592,101000111111
cnear_s0_i0.001_pABABABAB_ppc3,near,0.45093845295580637,0.666666641831398,000100111110
cnear_s0_i0.001_pABABABAB_ppc3,near,0.434350913687577,0.5,111111000111
cnear_s0_i0.001_pABABABAB_ppc3,near,0.4248310204450812,0.3333333134651184,001101111110
cnear_s0_i0.001_pABABABAB_ppc3,near,0.5370903154835105,1.0,000000111111
cnear_s0_i0.001_pABABABAB_ppc3,near,0.4968388131766141,0.8333333283662796,111111000100
cnear_s0_i0.001_pABABABAB_ppc3,near,0.49102654462230616,0.6666666567325592,101000111111
cnear_s0_i0.001_pABABABAB_ppc3,near,0.4519567145998108,0.666666641831398,000100111110
cnear_s0_i0.001_pABABABAB_ppc3,near,0.4346621702478706,0.5,111111000111
cnear_s0_i0.001_pABABABAB_ppc3,near,0.42722929299048995,0.3333333134651184,001101111110
cnear_s0_i0.001_pABABABAB_ppc3,near,0.5373135956282589,1.0,000000111111
cnear_s0_i0.001_pABABABAB_ppc3,near,0.4290284688568449,0.3333333134651184,001101111110
cnear_s0_i0.01_pABABAB_ppc2,near,0.37327742186078633,1.0,000000111111
cnear_s0_i0.01_pABABAB_ppc2,near,0.321816450281238,0.6666666865348816,000000111001
cnear_s0_i0.01_pABABAB_ppc2,near,0.32127972471326677,0.6666666567325592,111111001100
cnear_s0_i0.01_pABABAB_ppc2,near,0.31356305484157265,0.5,111000111111
cnear_s0_i0.01_pABABAB_ppc2,near,0.30474244418225926,0.1666666716337204,000100011000
cnear_s0_i0.01_pABABAB_ppc2,near,0.3739070703741163,1.0,000000111111
cnear_s0_i0.01_pABABAB_ppc2,near,0.3231636597087014,0.6666666865348816,000000111001
cnear_s0_i0.01_pABABAB_ppc2,near,0.3137687402532947,0.5,111000111111
cnear_s0_i0.01_pABABAB_ppc2,near,0.30498230268031795,0.1666666716337204,000100011000
cnear_s0_i0.01_pABABAB_ppc2,near,0.374667709608647,1.0,000000111111
cnear_s0_i0.01_pABABAB_ppc2,near,0.32359683655985544,0.6666666865348816,000000111001
cnear_s0_i0.01_pABABAB_ppc2,near,0.31453199316588737,0.5,111000111111
cnear_s0_i0.01_pABABAB_ppc2,near,0.3050898779289458,0.1666666716337204,000100011000
cnear_s0_i0.01_pABABAB_ppc2,near,0.3748733875003051,1.0,000000111111
cnear_s0_i0.01_pABABAB_ppc2,near,0.32380016619704705,0.6666666865348816,000000111001
cnear_s0_i0.01_pABABAB_ppc2,near,0.3147449031821452,0.5,111000111111
cnear_s0_i0.01_pABABAB_ppc2,near,0.3056567680032458,0.1666666716337204,000100011000
cnear_s0_i0.01_pABABAB_ppc2,near,0.3754489269022914,1.0,000000111111
cnear_s0_i0.01_pABABAB_ppc2,near,0.32473831448111345,0.6666666865348816,000000111001
cnear_s0_i0.01_pABABAB_ppc2,near,0.31476607195906003,0.5,111000111111
cnear_s0_i0.01_pABABAB_ppc2,near,0.3059267478957653,0.1666666716337204,000100011000
cnear_s0_i0.01_pABABAB_ppc2,near,0.3756971007043665,1.0,000000111111
cnear_s0_i0.01_pABABAB_ppc2,near,0.32565915466825984,0.6666666865348816,000000111001
cnear_s0_i0.01_pABABAB_ppc2,near,0.3149512157529402,0.5,111000111111
cnear_s0_i0.01_pABABAB_ppc2,near,0.30619207252245606,0.1666666716337204,000100011000
cnear_s0_i0.01_pABABAB_ppc2,near,0.3758321908006275,1.0,000000111111
cnear_s0_i0.01_pABABAB_ppc2,near,0.3262313428144394,0.6666666865348816,000000111001
cnear_s0_i0.01_pABABAB_ppc2,near,0.3150386466930451,0.5,111000111111
cnear_s0_i0.01_pABABAB_ppc2,near,0.3064623231369875,0.1666666716337204,000100011000
cnear_s0_i0.01_pABABAB_ppc2,near,0.3758794728624211,1.0,000000111111
cnear_s0_i0.01_pABABAB_ppc2,near,0.34906202566608874,0.6666666865348816,000000110110
cnear_s0_i0.01_pABABAB_ppc2,near,0.3376625614314848,0.666666641831398,001000111011
cnear_s0_i0.01_pABABAB_ppc2,near,0.31538417951246217,0.5,111000111111
cnear_s0_i0.01_pABABAB_ppc2,near,0.30703929953994125,0.1666666716337204,000100011000
cnear_s0_i0.01_pABABAB_ppc2,near,0.3759684417269785,1.0,000000111111
cnear_s0_i0.01_pABABAB_ppc2,near,0.37199520562849514,0.6666666567325592,011000111111
cnear_s0_i0.01_pABABAB_ppc2,near,0.33849100308692537,0.666666641831398,001000111011
cnear_s0_i0.01_pABABAB_ppc2,near,0.31550439953042025,0.5,111000111111
cnear_s0_i0.01_pABABAB_ppc2,near,0.30762923139892256,0.1666666716337204,000100011000
cnear_s0_i0.01_pABABAB_ppc2,near,0.3761091619222002,1.0,000000111111
cnear_s0_i0.01_pABABAB_ppc2,near,0.3724157614527609,0.6666666567325592,011000111111
cnear_s0_i0.01_pABABAB_ppc2,near,0.34332425940506667,0.666666641831398,001000111011
cnear_s0_i0.01_pABABAB_ppc2,near,0.32330824361203914,0.3333333283662796,000001111000
cnear_s0_i0.01_pABABAB_ppc2,near,0.30930427990229376,0.1666666716337204,000100011000
cnear_s0_i0.01_pABABAB_ppc3,near,0.5402889369915311,1.0,000000111111
cnear_s0_i0.01_pABABAB_ppc3,near,0.5304119994828048,0.8333333283662796,000010111111
cnear_s0_i0.01_pABABAB_ppc3,near,0.47715388816566423,0.8333333134651184,000000011111
cnear_s0_i0.01_pABABAB_ppc3,near,0.45441455762260236,0.666666641831398,000010101111
cnear_s0_i0.01_pABABAB_ppc3,near,0.4121599814424721,0.5000000149011612,000100001111
cnear_s0_i0.01_pABABAB_ppc3,near,0.5412482664418908,1.0,000000111111
cnear_s0_i0.01_pABABAB_ppc3,near,0.5326449743686961,0.8333333283662796,000010111111
cnear_s0_i0.01_pABABAB_ppc3,near,0.478305210531331,0.8333333134651184,000000011111
cnear_s0_i0.01_pABABAB_ppc3,near,0.45702713950752066,0.666666641831398,000010101111
cnear_s0_i0.01_pABABAB_ppc3,near,0.4146648537582503,0.5000000149011612,000100001111
cnear_s0_i0.01_pABABAB_ppc3,near,0.4131548992286508,0.3333333432674408,001001011101
cnear_s0_i0.01_pABABAB_ppc3,near,0.5414946835201521,1.0,000000111111
cnear_s0_i0.01_pABABAB_ppc3,near,0.5357483519671055,0.8333333283662796,000010111111
cnear_s0_i0.01_pABABAB_ppc3,near,0.47866710598150697,0.8333333134651184,000000011111
cnear_s0_i0.01_pABABAB_ppc3,near,0.4571136140766052,0.666666641831398,000010101111
cnear_s0_i0.01_pABABAB_ppc3,near,0.4165609123973319,0.5000000149011612,000100001111
cnear_s0_i0.01_pABABAB_ppc3,near,0.4151757690267494,0.3333333432674408,001001011101
cnear_s0_i0.01_pABABAB_ppc3,near,0.5425526579555411,1.0,000000111111
cnear_s0_i0.01_pABABAB_ppc3,near,0.5363126123037476,0.8333333283662796,000010111111
cnear_s0_i0.01_pABABAB_ppc3,near,0.47997579239308835,0.8333333134651184,000000011111
cnear_s0_i0.01_pABABAB_ppc3,near,0.4600760334063895,0.666666641831398,000010101111
cnear_s0_i0.01_pABABAB_ppc3,near,0.4170565004388873,0.5000000149011612,000100001111
cnear_s0_i0.01_pABABAB_ppc3,near,0.4153743449491091,0.3333333432674408,001001011101
cnear_s0_i0.01_pABABAB_ppc3,near,0.5454041631963964,1.0,000000111111
cnear_s0_i0.01_pABABAB_ppc3,near,0.5369701177884753,0.8333333283662796,000010111111
cnear_s0_i0.01_pABABAB_ppc3,near,0.48111704618741685,0.8333333134651184,000000011111
cnear_s0_i0.01_pABABAB_ppc3,near,0.46024232584123426,0.666666641831398,000010101111
cnear_s0_i0.01_pABABAB_ppc3,near,0.4182365790869181,0.5000000149011612,000100001111
cnear_s0_i0.01_pABABAB_ppc3,near,0.4175624219342493,0.3333333432674408,001001011101
cnear_s0_i0.01_pABABAB_ppc3,near,0.5455509501151168,1.0,000000111111
cnear_s0_i0.01_pABABAB_ppc3,near,0.5370317533898812,0.8333333283662796,000010111111
cnear_s0_i0.01_pABABAB_ppc3,near,0.4811800502670499,0.8333333134651184,000000011111
cnear_s0_i0.01_pABABAB_ppc3,near,0.46198502748918074,0.666666641831398,000100101111
cnear_s0_i0.01_pABABAB_ppc3,near,0.42003366958636507,0.5000000149011612,000100001111
cnear_s0_i0.01_pABABAB_ppc3,near,0.41843493964809636,0.3333333432674408,001001011101
cnear_s0_i0.01_pABABAB_ppc3,near,0.5458067740349529,1.0,000000111111
cnear_s0_i0.01_pABABAB_ppc3,near,0.5380595985370187,0.8333333283662796,000010111111
cnear_s0_i0.01_pABABAB_ppc3,near,0.48213425189471587,0.8333333134651184,000000011111
cnear_s0_i0.01_pABABAB_ppc3,near,0.4627801566456373,0.666666641831398,000010101111
cnear_s0_i0.01_pABABAB_ppc3,near,0.4202898057464224,0.5000000149011612,000100001111
cnear_s0_i0.01_pABABAB_ppc3,near,0.5459278521271279,1.0,000000111111
cnear_s0_i0.01_pABABAB_ppc3,near,0.4209557284744313,0.5000000149011612,000100001111
cnear_s0_i0.01_pABABAB_ppc3,near,0.46286502729098383,0.666666641831398,000100101111
cnear_s0_i0.01_pABABAB_ppc3,near,0.4823420918188416,0.8333333134651184,000000011111
cnear_s0_i0.01_pABABABAB_ppc2,near,0.4619472459087084,1.0,000000111111
cnear_s0_i0.01_pABABABAB_ppc2,near,0.41893863829318434,0.8333333283662796,010000111111
cnear_s0_i0.01_pABABABAB_ppc2,near,0.3918869511689991,0.8333333134651184,111011000000
cnear_s0_i0.01_pABABABAB_ppc2,near,0.38561564420574695,0.6666666865348816,000000111100
cnear_s0_i0.01_pABABABAB_ppc2,near,0.37923383899817115,0.666666641831398,000100101111
cnear_s0_i0.01_pABABABAB_ppc2,near,0.32548130126589714,0.5000000149011612,000100101110
cnear_s0_i0.01_pABABABAB_ppc2,near,0.4637102720624735,1.0,000000111111
cnear_s0_i0.01_pABABABAB_ppc2,near,0.41969724677519166,0.8333333283662796,010000111111
cnear_s0_i0.01_pABABABAB_ppc2,near,0.3927337188736852,0.8333333134651184,000000111110
cnear_s0_i0.01_pABABABAB_ppc2,near,0.3870508312528696,0.6666666865348816,000000111100
cnear_s0_i0.01_pABABABAB_ppc2,near,0.38012878487530416,0.666666641831398,000100101111
cnear_s0_i0.01_pABABABAB_ppc2,near,0.3274786616434696,0.5000000149011612,000100101110
cnear_s0_i0.01_pABABABAB_ppc2,near,0.46456081306176455,1.0,000000111111
cnear_s0_i0.01_pABABABAB_ppc2,near,0.42031206879845084,0.8333333283662796,010000111111
cnear_s0_i0.01_pABABABAB_ppc2,near,0.39364957899318864,0.8333333134651184,000000111110
cnear_s0_i0.01_pABABABAB_ppc2,near,0.3880478804971188,0.6666666865348816,000000111100
cnear_s0_i0.01_pABABABAB_ppc2,near,0.3805141510755016,0.666666641831398,000100101111
cnear_s0_i0.01_pABABABAB_ppc2,near,0.32791097637101335,0.5000000149011612,000100101110
cnear_s0_i0.01_pABABABAB_ppc2,near,0.46468783911028555,1.0,000000111111
cnear_s0_i0.01_pABABABAB_ppc2,near,0.42216561022535737,0.8333333283662796,010000111111
cnear_s0_i0.01_pABABABAB_ppc2,near,0.3940688057457386,0.8333333134651184,000000111110
cnear_s0_i0.01_pABABABAB_ppc2,near,0.38878947396256863,0.6666666865348816,000000111100
cnear_s0_i0.01_pABABABAB_ppc2,near,0.3806399716072363,0.666666641831398,000100101111
cnear_s0_i0.01_pABABABAB_ppc2,near,0.3283639893915247,0.5000000149011612,000100101110
cnear_s0_i0.01_pABABABAB_ppc2,near,0.46491864965506025,1.0,000000111111
cnear_s0_i0.01_pABABABAB_ppc2,near,0.4231333443694266,0.8333333283662796,010000111111
cnear_s0_i0.01_pABABABAB_ppc2,near,0.3945614260456782,0.8333333134651184,000000111110
cnear_s0_i0.01_pABABABAB_ppc2,near,0.3888525487533931,0.6666666865348816,000000111100
cnear_s0_i0.01_pABABABAB_ppc2,near,0.3816383138543862,0.666666641831398,000100101111
cnear_s0_i0.01_pABABABAB_ppc2,near,0.32910405165427525,0.5000000149011612,000100101110
cnear_s0_i0.01_pABABABAB_ppc2,near,0.4654398808849911,1.0,000000111111
cnear_s0_i0.01_pABABABAB_ppc2,near,0.42452328506825043,0.8333333283662796,010000111111
cnear_s0_i0.01_pABABABAB_ppc2,near,0.3948970751295966,0.8333333134651184,000000111110
cnear_s0_i0.01_pABABABAB_ppc2,near,0.38937030609392015,0.6666666865348816,000000111100
cnear_s0_i0.01_pABABABAB_ppc2,near,0.38216650501146493,0.666666641831398,000100101111
cnear_s0_i0.01_pABABABAB_ppc2,near,0.32938642048423483,0.5000000149011612,000100101110
cnear_s0_i0.01_pABABABAB_ppc2,near,0.46570443560305086,1.0,000000111111
cnear_s0_i0.01_pABABABAB_ppc2,near,0.4245688144984687,0.8333333283662796,010000111111
cnear_s0_i0.01_pABABABAB_ppc2,near,0.3962254952358339,0.8333333134651184,000000111110
cnear_s0_i0.01_pABABABAB_ppc2,near,0.38944375755040556,0.6666666865348816,000000110011
cnear_s0_i0.01_pABABABAB_ppc2,near,0.38290782791867467,0.666666641831398,000100101111
cnear_s0_i0.01_pABABABAB_ppc2,near,0.3301263218093262,0.5000000149011612,000100101110
cnear_s0_i0.01_pABABABAB_ppc2,near,0.4667223363247668,1.0,000000111111
cnear_s0_i0.01_pABABABAB_ppc2,near,0.33017244958268593,0.5000000149011612,000100101110
cnear_s0_i0.01_pABABABAB_ppc3,near,0.5335007149554875,1.0,000000111111
cnear_s0_i0.01_pABABABAB_ppc3,near,0.5248047686342535,0.8333333283662796,000001111111
cnear_s0_i0.01_pABABABAB_ppc3,near,0.5133039114632826,0.6666666865348816,000000011110
cnear_s0_i0.01_pABABABAB_ppc3,near,0.48575853016869774,0.6666666567325592,000101111111
cnear_s0_i0.01_pABABABAB_ppc3,near,0.44385056668656997,0.666666641831398,000100111110
cnear_s0_i0.01_pABABABAB_ppc3,near,0.4324608985548732,0.3333333432674408,000101010111
cnear_s0_i0.01_pABABABAB_ppc3,near,0.4195827754835288,0.3333333134651184,001101111110
cnear_s0_i0.01_pABABABAB_ppc3,near,0.4095827294834729,0.0,001101110010
cnear_s0_i0.01_pABABABAB_ppc3,near,0.5338651283333699,1.0,000000111111
cnear_s0_i0.01_pABABABAB_ppc3,near,0.5264965568123192,0.8333333283662796,000001111111
cnear_s0_i0.01_pABABABAB_ppc3,near,0.5143897436216645,0.6666666865348816,000000011110
cnear_s0_i0.01_pABABABAB_ppc3,near,0.4863460248914258,0.6666666567325592,101000111111
cnear_s0_i0.01_pABABABAB_ppc3,near,0.44580413542430974,0.666666641831398,000100111110
cnear_s0_i0.01_pABABABAB_ppc3,near,0.43343311539669144,0.3333333432674408,000101010111
cnear_s0_i0.01_pABABABAB_ppc3,near,0.42131472800740566,0.3333333134651184,001101111110
cnear_s0_i0.01_pABABABAB_ppc3,near,0.5348437649208582,1.0,000000111111
cnear_s0_i0.01_pABABABAB_ppc3,near,0.5268184006128503,0.8333333283662796,000001111111
cnear_s0_i0.01_pABABABAB_ppc3,near,0.5167838505672655,0.6666666865348816,000000011110
cnear_s0_i0.01_pABABABAB_ppc3,near,0.4889641995060033,0.6666666567325592,101000111111
cnear_s0_i0.01_pABABABAB_ppc3,near,0.4469669556737631,0.666666641831398,000100111110
cnear_s0_i0.01_pABABABAB_ppc3,near,0.4467082025761577,0.4999999701976776,110000111110
cnear_s0_i0.01_pABABABAB_ppc3,near,0.434174826861113,0.3333333432674408,000101010111
cnear_s0_i0.01_pABABABAB_ppc3,near,0.42234227128712265,0.3333333134651184,001101111110
cnear_s0_i0.01_pABABABAB_ppc3,near,0.5352904106779345,1.0,000000111111
cnear_s0_i0.01_pABABABAB_ppc3,near,0.5272926970802504,0.8333333283662796,000001111111
cnear_s0_i0.01_pABABABAB_ppc3,near,0.5222907538215319,0.6666666865348816,000000011110
cnear_s0_i0.01_pABABABAB_ppc3,near,0.4892241405002002,0.6666666567325592,000101111111
cnear_s0_i0.01_pABABABAB_ppc3,near,0.44773069286355,0.666666641831398,000100111110
cnear_s0_i0.01_pABABABAB_ppc3,near,0.4343401387162592,0.3333333432674408,000000010010
cnear_s0_i0.01_pABABABAB_ppc3,near,0.4234583430398984,0.3333333134651184,001101111110
cnear_s0_i0.01_pABABABAB_ppc3,near,0.5363718946946079,1.0,000000111111
cnear_s0_i0.01_pABABABAB_ppc3,near,0.5273354444010504,0.8333333283662796,000001111111
cnear_s0_i0.01_pABABABAB_ppc3,near,0.5237328852259222,0.6666666865348816,000000110110
cnear_s0_i0.01_pABABABAB_ppc3,near,0.4892932263513406,0.6666666567325592,101000111111
cnear_s0_i0.01_pABABABAB_ppc3,near,0.44988471907617034,0.666666641831398,000100111110
cnear_s0_i0.01_pABABABAB_ppc3,near,0.4486111009857435,0.4999999701976776,110000111110
cnear_s0_i0.01_pABABABAB_ppc3,near,0.43455822838620206,0.3333333432674408,000101010111
cnear_s0_i0.01_pABABABAB_ppc3,near,0.4239310981844948,0.3333333134651184,001101111110
cnear_s0_i0.01_pABABABAB_ppc3,near,0.5365008065241507,1.0,000000111111
cnear_s0_i0.01_pABABABAB_ppc3,near,0.42428398837774306,0.3333333134651184,001101111110
cnear_s0_i0.01_pABABABAB_ppc3,near,0.4897421082032138,0.6666666567325592,101000111111
cnear_s0_i0.01_pABABABAB_ppc3,near,0.4507704973220825,0.666666641831398,000100111110
cnear_s0_i0.01_pABABABAB_ppc3,near,0.4486785711099704,0.4999999701976776,110000111110
cnear_s0_i0.01_pABABABAB_ppc3,near,0.5288942736712681,0.8333333283662796,000001111111
cnear_s0_i0.1_pABABAB_ppc2,near,0.37156444328667765,1.0,000000111111
cnear_s0_i0.1_pABABAB_ppc2,near,0.3189270755709996,0.6666666865348816,000000111001
cnear_s0_i0.1_pABABAB_ppc2,near,0.29456379158761015,0.5,000000101001
cnear_s0_i0.1_pABABAB_ppc2,near,0.37174476486292074,1.0,000000111111
cnear_s0_i0.1_pABABAB_ppc2,near,0.3193896484762346,0.6666666865348816,000000111001
cnear_s0_i0.1_pABABAB_ppc2,near,0.298414704030041,0.5,000000101001
cnear_s0_i0.1_pABABAB_ppc2,near,0.37175205906599085,1.0,000000111111
cnear_s0_i0.1_pABABAB_ppc2,near,0.31953017397476785,0.6666666865348816,000000111001
cnear_s0_i0.1_pABABAB_ppc2,near,0.29879210055382416,0.5,000000101001
cnear_s0_i0.1_pABABAB_ppc2,near,0.37301826532083476,1.0,000000111111
cnear_s0_i0.1_pABABAB_ppc2,near,0.3197776463851121,0.6666666865348816,000000111001
cnear_s0_i0.1_pABABAB_ppc2,near,0.2988001831002872,0.5,000000101001
cnear_s0_i0.1_pABABAB_ppc2,near,0.3740160311783918,1.0,000000111111
cnear_s0_i0.1_pABABAB_ppc2,near,0.32018905790358654,0.6666666865348816,000000111001
cnear_s0_i0.1_pABABAB_ppc2,near,0.2998047191226347,0.5,000000101001
cnear_s0_i0.1_pABABAB_ppc2,near,0.37403088465163653,1.0,000000111111
cnear_s0_i0.1_pABABAB_ppc2,near,0.320213407196041,0.6666666865348816,000000111001
cnear_s0_i0.1_pABABAB_ppc2,near,0.30003626670011063,0.5,000000101001
cnear_s0_i0.1_pABABAB_ppc2,near,0.37403342176482757,1.0,000000111111
cnear_s0_i0.1_pABABAB_ppc2,near,0.3203435622589578,0.6666666865348816,000000111001
cnear_s0_i0.1_pABABAB_ppc2,near,0.30027532685463404,0.5,000000101001
cnear_s0_i0.1_pABABAB_ppc2,near,0.37410358466546645,1.0,000000111111
cnear_s0_i0.1_pABABAB_ppc2,near,0.32053230613200867,0.6666666865348816,000000111001
cnear_s0_i0.1_pABABAB_ppc2,near,0.30083027403717016,0.5,000000101001
cnear_s0_i0.1_pABABAB_ppc2,near,0.3742838628293777,1.0,000000111111
cnear_s0_i0.1_pABABAB_ppc2,near,0.3205459923853844,0.6666666865348816,000000111001
cnear_s0_i0.1_pABABAB_ppc2,near,0.30143952991982753,0.5,000000101001
cnear_s0_i0.1_pABABAB_ppc2,near,0.3743361733769151,1.0,000000111111
cnear_s0_i0.1_pABABAB_ppc2,near,0.32063862634558143,0.6666666865348816,000000111001
cnear_s0_i0.1_pABABAB_ppc2,near,0.301441657864912,0.5,000000101001
cnear_s0_i0.1_pABABAB_ppc2,near,0.37435211190445855,1.0,000000111111
cnear_s0_i0.1_pABABAB_ppc2,near,0.3206731150840328,0.6666666865348816,000000111001
cnear_s0_i0.1_pABABAB_ppc2,near,0.3015803004699675,0.5,000000101001
cnear_s0_i0.1_pABABAB_ppc2,near,0.3743755810640075,1.0,000000111111
cnear_s0_i0.1_pABABAB_ppc2,near,0.3206843998419076,0.6666666865348816,000000111001
cnear_s0_i0.1_pABABAB_ppc2,near,0.30179047834297473,0.5,000000101001
cnear_s0_i0.1_pABABAB_ppc2,near,0.3744669127786024,1.0,000000111111
cnear_s0_i0.1_pABABAB_ppc2,near,0.32070241463158955,0.6666666865348816,000000111001
cnear_s0_i0.1_pABABAB_ppc2,near,0.30192738212645054,0.5,000000101001
cnear_s0_i0.1_pABABAB_ppc2,near,0.37504092269492423,1.0,000000111111
cnear_s0_i0.1_pABABAB_ppc2,near,0.32070350961955474,0.6666666865348816,000000111001
cnear_s0_i0.1_pABABAB_ppc2,near,0.30204953215169633,0.5,000000101001
cnear_s0_i0.1_pABABAB_ppc2,near,0.3752151564694941,1.0,000000111111
cnear_s0_i0.1_pABABAB_ppc2,near,0.30215729504231026,0.5,000000101001
cnear_s0_i0.1_pABABAB_ppc3,near,0.5358659260906279,1.0,000000111111
cnear_s0_i0.1_pABABAB_ppc3,near,0.5267414988949894,0.8333333283662796,000010111111
cnear_s0_i0.1_pABABAB_ppc3,near,0.4741683937967397,0.8333333134651184,000000011111
cnear_s0_i0.1_pABABAB_ppc3,near,0.4418510282268891,0.6666666567325592,010100111111
cnear_s0_i0.1_pABABAB_ppc3,near,0.4135464517256388,0.5000000149011612,000100001111
cnear_s0_i0.1_pABABAB_ppc3,near,0.5391837640880393,1.0,000000111111
cnear_s0_i0.1_pABABAB_ppc3,near,0.5289221456704232,0.8333333283662796,000010111111
cnear_s0_i0.1_pABABAB_ppc3,near,0.4782402871749722,0.8333333134651184,000000011111
cnear_s0_i0.1_pABABAB_ppc3,near,0.44539253018223324,0.6666666567325592,010100111111
cnear_s0_i0.1_pABABAB_ppc3,near,0.41698439277421967,0.5000000149011612,000100001111
cnear_s0_i0.1_pABABAB_ppc3,near,0.5396734721063134,1.0,000000111111
cnear_s0_i0.1_pABABAB_ppc3,near,0.5292615931767684,0.8333333283662796,000010111111
cnear_s0_i0.1_pABABAB_ppc3,near,0.4783050866224445,0.8333333134651184,000000011111
cnear_s0_i0.1_pABABAB_ppc3,near,0.44624590713244217,0.6666666567325592,010100111111
cnear_s0_i0.1_pABABAB_ppc3,near,0.4175984889698716,0.5000000149011612,000100001111
cnear_s0_i0.1_pABABAB_ppc3,near,0.5396943464087179,1.0,000000111111
cnear_s0_i0.1_pABABAB_ppc3,near,0.5317041309407124,0.8333333283662796,000010111111
cnear_s0_i0.1_pABABAB_ppc3,near,0.47862185599425666,0.8333333134651184,000000011111
cnear_s0_i0.1_pABABAB_ppc3,near,0.4492363011607757,0.6666666567325592,010100111111
cnear_s0_i0.1_pABABAB_ppc3,near,0.41882779953571464,0.5000000149011612,000100001111
cnear_s0_i0.1_pABABAB_ppc3,near,0.5403238433484848,1.0,000000111111
cnear_s0_i0.1_pABABAB_ppc3,near,0.5328038974020344,0.8333333283662796,000010111111
cnear_s0_i0.1_pABABAB_ppc3,near,0.47890018441785986,0.8333333134651184,000000011111
cnear_s0_i0.1_pABABAB_ppc3,near,0.451436812717181,0.6666666567325592,010100111111
cnear_s0_i0.1_pABABAB_ppc3,near,0.4190842924353022,0.5000000149011612,000100001111
cnear_s0_i0.1_pABABAB_ppc3,near,0.5409519034796036,1.0,000000111111
cnear_s0_i0.1_pABABAB_ppc3,near,0.5328425601124763,0.8333333283662796,000010111111
cnear_s0_i0.1_pABABAB_ppc3,near,0.4790058036012432,0.8333333134651184,000000011111
cnear_s0_i0.1_pABABAB_ppc3,near,0.45149527432826847,0.6666666567325592,010100111111
cnear_s0_i0.1_pABABAB_ppc3,near,0.42089962555238836,0.5000000149011612,000100001111
cnear_s0_i0.1_pABABAB_ppc3,near,0.5423411845157926,1.0,000000111111
cnear_s0_i0.1_pABABAB_ppc3,near,0.532861635941439,0.8333333283662796,000010111111
cnear_s0_i0.1_pABABAB_ppc3,near,0.47995285055098624,0.8333333134651184,000000011111
cnear_s0_i0.1_pABABAB_ppc3,near,0.45182142223303134,0.6666666567325592,010100111111
cnear_s0_i0.1_pABABAB_ppc3,near,0.421068510097953,0.5000000149011612,000100001111
cnear_s0_i0.1_pABABAB_ppc3,near,0.542681382302768,1.0,000000111111
cnear_s0_i0.1_pABABAB_ppc3,near,0.5330656205375607,0.8333333283662796,000010111111
cnear_s0_i0.1_pABABAB_ppc3,near,0.48026650695694395,0.8333333134651184,000000011111
cnear_s0_i0.1_pABABAB_ppc3,near,0.45217537679351294,0.6666666567325592,010100111111
cnear_s0_i0.1_pABABAB_ppc3,near,0.4216068042298922,0.5000000149011612,000100001111
cnear_s0_i0.1_pABABAB_ppc3,near,0.5432022656958837,1.0,000000111111
cnear_s0_i0.1_pABABAB_ppc3,near,0.4223067525201119,0.5000000149011612,000100001111
cnear_s0_i0.1_pABABAB_ppc3,near,0.4522041158034251,0.6666666567325592,010100111111
cnear_s0_i0.1_pABABAB_ppc3,near,0.4804877848077852,0.8333333134651184,000000011111
cnear_s0_i0.1_pABABABAB_ppc2,near,0.4619067768146814,1.0,000000111111
cnear_s0_i0.1_pABABABAB_ppc2,near,0.42211042603293175,0.8333333283662796,010000111111
cnear_s0_i0.1_pABABABAB_ppc2,near,0.39528828121898374,0.8333333134651184,000000111110
cnear_s0_i0.1_pABABABAB_ppc2,near,0.3883588843625681,0.6666666865348816,000000111100
cnear_s0_i0.1_pABABABAB_ppc2,near,0.3418532577132533,0.6666666567325592,000011111111
cnear_s0_i0.1_pABABABAB_ppc2,near,0.33339510462246835,0.3333333283662796,001000111000
cnear_s0_i0.1_pABABABAB_ppc2,near,0.3217484614980439,0.3333333134651184,110111110100
cnear_s0_i0.1_pABABABAB_ppc2,near,0.46330280115442546,1.0,000000111111
cnear_s0_i0.1_pABABABAB_ppc2,near,0.4225701056220087,0.8333333283662796,010000111111
cnear_s0_i0.1_pABABABAB_ppc2,near,0.39803322944122743,0.8333333134651184,000000111110
cnear_s0_i0.1_pABABABAB_ppc2,near,0.38957511971239,0.6666666865348816,000000111100
cnear_s0_i0.1_pABABABAB_ppc2,near,0.3423790706357726,0.6666666567325592,000011111111
cnear_s0_i0.1_pABABABAB_ppc2,near,0.33693814447454723,0.3333333283662796,001000111000
cnear_s0_i0.1_pABABABAB_ppc2,near,0.3242886370039898,0.3333333134651184,110111110100
cnear_s0_i0.1_pABABABAB_ppc2,near,0.46637428918018425,1.0,000000111111
cnear_s0_i0.1_pABABABAB_ppc2,near,0.42286449988675706,0.8333333283662796,010000111111
cnear_s0_i0.1_pABABABAB_ppc2,near,0.39832385402659665,0.8333333134651184,000000111110
cnear_s0_i0.1_pABABABAB_ppc2,near,0.39054740622944745,0.6666666865348816,000000111100
cnear_s0_i0.1_pABABABAB_ppc2,near,0.3442800710868925,0.6666666567325592,000011111111
cnear_s0_i0.1_pABABABAB_ppc2,near,0.33760025292024787,0.3333333283662796,001000111000
cnear_s0_i0.1_pABABABAB_ppc2,near,0.32603176701653364,0.3333333134651184,110111110100
cnear_s0_i0.1_pABABABAB_ppc2,near,0.4666511437470286,1.0,000000111111
cnear_s0_i0.1_pABABABAB_ppc2,near,0.4233179114245135,0.8333333283662796,010000111111
cnear_s0_i0.1_pABABABAB_ppc2,near,0.39886276734639603,0.8333333134651184,000000111110
cnear_s0_i0.1_pABABABAB_ppc2,near,0.3909347699794533,0.6666666865348816,000000111100
cnear_s0_i0.1_pABABABAB_ppc2,near,0.34585167219509083,0.6666666567325592,000011111111
cnear_s0_i0.1_pABABABAB_ppc2,near,0.33808249219095915,0.3333333283662796,001000111000
cnear_s0_i0.1_pABABABAB_ppc2,near,0.32727844163711217,0.3333333134651184,110111110100
cnear_s0_i0.1_pABABABAB_ppc2,near,0.4667055350407187,1.0,000000111111
cnear_s0_i0.1_pABABABAB_ppc2,near,0.4243909074836571,0.8333333283662796,010000111111
cnear_s0_i0.1_pABABABAB_ppc2,near,0.39897884516615484,0.8333333134651184,000000111110
cnear_s0_i0.1_pABABABAB_ppc2,near,0.3911869521975389,0.6666666865348816,000000111100
cnear_s0_i0.1_pABABABAB_ppc2,near,0.3470857380447781,0.6666666567325592,000011111111
cnear_s0_i0.1_pABABABAB_ppc2,near,0.3385911930256106,0.3333333283662796,001000111000
cnear_s0_i0.1_pABABABAB_ppc2,near,0.3320992902555535,0.3333333134651184,110111110100
cnear_s0_i0.1_pABABABAB_ppc2,near,0.46734297906594546,1.0,000000111111
cnear_s0_i0.1_pABABABAB_ppc2,near,0.42445962045919794,0.8333333283662796,010000111111
cnear_s0_i0.1_pABABABAB_ppc2,near,0.39922663093000604,0.8333333134651184,000000111110
cnear_s0_i0.1_pABABABAB_ppc2,near,0.39163165140479544,0.6666666865348816,000000111100
cnear_s0_i0.1_pABABABAB_ppc2,near,0.34716566077208727,0.6666666567325592,000011111111
cnear_s0_i0.1_pABABABAB_ppc2,near,0.33871479082756256,0.3333333283662796,001000111000
cnear_s0_i0.1_pABABABAB_ppc2,near,0.4674111313652247,1.0,000000111111
cnear_s0_i0.1_pABABABAB_ppc2,near,0.3395790419188039,0.3333333283662796,001000111000
cnear_s0_i0.1_pABABABAB_ppc2,near,0.3476681053063407,0.6666666567325592,000011111111
cnear_s0_i0.1_pABABABAB_ppc3,near,0.5343870085974535,1.0,000000111111
cnear_s0_i0.1_pABABABAB_ppc3,near,0.5204245472305465,0.8333333283662796,000001111111
cnear_s0_i0.1_pABABABAB_ppc3,near,0.5096742462623736,0.6666666865348816,000000011110
cnear_s0_i0.1_pABABABAB_ppc3,near,0.4879931437129947,0.6666666567325592,000101111111
cnear_s0_i0.1_pABABABAB_ppc3,near,0.4408658207875901,0.666666641831398,000100111110
cnear_s0_i0.1_pABABABAB_ppc3,near,0.42770049729566467,0.3333333134651184,001101111110
cnear_s0_i0.1_pABABABAB_ppc3,near,0.5353266687999512,1.0,000000111111
cnear_s0_i0.1_pABABABAB_ppc3,near,0.5206280017335867,0.8333333283662796,000001111111
cnear_s0_i0.1_pABABABAB_ppc3,near,0.5118743781985222,0.6666666865348816,000000011110
cnear_s0_i0.1_pABABABAB_ppc3,near,0.48835778307041217,0.6666666567325592,000101111111
cnear_s0_i0.1_pABABABAB_ppc3,near,0.4423055018287623,0.666666641831398,000100111110
cnear_s0_i0.1_pABABABAB_ppc3,near,0.5379347649627718,1.0,000000111111
cnear_s0_i0.1_pABABABAB_ppc3,near,0.5249364485257658,0.8333333283662796,000001111111
cnear_s0_i0.1_pABABABAB_ppc3,near,0.5143401232687221,0.6666666865348816,000000011110
cnear_s0_i0.1_pABABABAB_ppc3,near,0.489838895505701,0.6666666567325592,000101111111
cnear_s0_i0.1_pABABABAB_ppc3,near,0.4454728187029732,0.666666641831398,000100111110
cnear_s0_i0.1_pABABABAB_ppc3,near,0.44290346062431735,0.5,111111001101
cnear_s0_i0.1_pABABABAB_ppc3,near,0.5382193090158632,1.0,000000111111
cnear_s0_i0.1_pABABABAB_ppc3,near,0.5256422781439005,0.8333333283662796,000001111111
cnear_s0_i0.1_pABABABAB_ppc3,near,0.5145102336403282,0.6666666865348816,000000011110
cnear_s0_i0.1_pABABABAB_ppc3,near,0.4912049536239998,0.6666666567325592,000101111111
cnear_s0_i0.1_pABABABAB_ppc3,near,0.44580257191568956,0.666666641831398,000100111110
cnear_s0_i0.1_pABABABAB_ppc3,near,0.5383359018670416,1.0,000000111111
cnear_s0_i0.1_pABABABAB_ppc3,near,0.5260714662486109,0.8333333283662796,000001111111
cnear_s0_i0.1_pABABABAB_ppc3,near,0.5146979364170425,0.6666666865348816,000000011110
cnear_s0_i0.1_pABABABAB_ppc3,near,0.49189954578619577,0.6666666567325592,000101111111
cnear_s0_i0.1_pABABABAB_ppc3,near,0.44584679119717113,0.666666641831398,000100111110
cnear_s0_i0.1_pABABABAB_ppc3,near,0.5386226910712391,1.0,000000111111
cnear_s0_i0.1_pABABABAB_ppc3,near,0.5263478825104305,0.8333333283662796,000001111111
cnear_s0_i0.1_pABABABAB_ppc3,near,0.5151571212229372,0.6666666865348816,000000011110
cnear_s0_i0.1_pABABABAB_ppc3,near,0.49196135098564214,0.6666666567325592,000101111111
cnear_s0_i0.1_pABABABAB_ppc3,near,0.4463894135993102,0.666666641831398,000100111110
cnear_s0_i0.1_pABABABAB_ppc3,near,0.539158222083559,1.0,000000111111
cnear_s0_i0.1_pABABABAB_ppc3,near,0.5268601586335692,0.8333333283662796,000001111111
cnear_s0_i0.1_pABABABAB_ppc3,near,0.5153940230950542,0.6666666865348816,000000011110
cnear_s0_i0.1_pABABABAB_ppc3,near,0.4921662809391474,0.6666666567325592,000101111111
cnear_s0_i0.1_pABABABAB_ppc3,near,0.4464224386189518,0.666666641831398,000100111110
cnear_s0_i0.1_pABABABAB_ppc3,near,0.53937826742386,1.0,000000111111
cnear_s0_i0.1_pABABABAB_ppc3,near,0.5268793881753053,0.8333333283662796,000001111111
cnear_s0_i0.1_pABABABAB_ppc3,near,0.5156853812179346,0.6666666865348816,000000011110
cnear_s0_i0.1_pABABABAB_ppc3,near,0.49227346999078303,0.6666666567325592,000101111111
cnear_s0_i0.1_pABABABAB_ppc3,near,0.44669703753857776,0.666666641831398,000100111110
cnear_s0_i0.1_pABABABAB_ppc3,near,0.5395611280082971,1.0,000000111111
cnear_s0_i0.1_pABABABAB_ppc3,near,0.44707770581389294,0.666666641831398,000100111110
cnear_s0_i0.5_pABABAB_ppc2,near,0.3715381200890988,1.0,000000111111
cnear_s0_i0.5_pABABAB_ppc2,near,0.32031362444368744,0.6666666865348816,000000111001
cnear_s0_i0.5_pABABAB_ppc2,near,0.3041231627364389,0.5000000149011612,000001110101
cnear_s0_i0.5_pABABAB_ppc2,near,0.2948857327838513,0.5,000000101001
cnear_s0_i0.5_pABABAB_ppc2,near,0.37202562775928527,1.0,000000111111
cnear_s0_i0.5_pABABAB_ppc2,near,0.3206098859081976,0.6666666865348816,000000111001
cnear_s0_i0.5_pABABAB_ppc2,near,0.3073521918162111,0.5000000149011612,000001110101
cnear_s0_i0.5_pABABAB_ppc2,near,0.29540460370481014,0.5,000000101001
cnear_s0_i0.5_pABABAB_ppc2,near,0.3722811105703427,1.0,000000111111
cnear_s0_i0.5_pABABAB_ppc2,near,0.32183245571584185,0.6666666865348816,000000111001
cnear_s0_i0.5_pABABAB_ppc2,near,0.31000057518990204,0.5000000149011612,000001110101
cnear_s0_i0.5_pABABAB_ppc2,near,0.2968669392232021,0.5,000000101001
cnear_s0_i0.5_pABABAB_ppc2,near,0.3728582320671359,1.0,000000111111
cnear_s0_i0.5_pABABAB_ppc2,near,0.3218539248522244,0.6666666865348816,000000111001
cnear_s0_i0.5_pABABAB_ppc2,near,0.31171394525815477,0.5000000149011612,000001110101
cnear_s0_i0.5_pABABAB_ppc2,near,0.29722497368824075,0.5,000000101001
cnear_s0_i0.5_pABABAB_ppc2,near,0.37298892688175495,1.0,000000111111
cnear_s0_i0.5_pABABAB_ppc2,near,0.32224633888108656,0.6666666865348816,000000111001
cnear_s0_i0.5_pABABAB_ppc2,near,0.3123127971458333,0.5000000149011612,000001110101
cnear_s0_i0.5_pABABAB_ppc2,near,0.2973986014893109,0.5,000000101001
cnear_s0_i0.5_pABABAB_ppc2,near,0.3733173755463213,1.0,000000111111
cnear_s0_i0.5_pABABAB_ppc2,near,0.3222481317789061,0.6666666865348816,000000111001
cnear_s0_i0.5_pABABAB_ppc2,near,0.3132242359041067,0.5000000149011612,000001110101
cnear_s0_i0.5_pABABAB_ppc2,near,0.29741902446204965,0.5,000000101001
cnear_s0_i0.5_pABABAB_ppc2,near,0.3734849974174391,1.0,000000111111
cnear_s0_i0.5_pABABAB_ppc2,near,0.322389488150789,0.6666666865348816,000000111001
cnear_s0_i0.5_pABABAB_ppc2,near,0.314851822797209,0.5000000149011612,000001110101
cnear_s0_i0.5_pABABAB_ppc2,near,0.2977901421360333,0.5,000000101001
cnear_s0_i0.5_pABABAB_ppc2,near,0.3736064047552645,1.0,000000111111
cnear_s0_i0.5_pABABAB_ppc2,near,0.32242115344905126,0.6666666865348816,000000111001
cnear_s0_i0.5_pABABAB_ppc2,near,0.3157956034199081,0.5000000149011612,000001110101
cnear_s0_i0.5_pABABAB_ppc2,near,0.2982424992263656,0.5,000000101001
cnear_s0_i0.5_pABABAB_ppc2,near,0.3738008920653639,1.0,000000111111
cnear_s0_i0.5_pABABAB_ppc2,near,0.32256681808212306,0.6666666865348816,000000111001
cnear_s0_i0.5_pABABAB_ppc2,near,0.31596953520254994,0.5000000149011612,000001110101
cnear_s0_i0.5_pABABAB_ppc2,near,0.2991614698654633,0.5,000000101001
cnear_s0_i0.5_pABABAB_ppc2,near,0.37383323902560567,1.0,000000111111
cnear_s0_i0.5_pABABAB_ppc2,near,0.32260325921709987,0.6666666865348816,000000111001
cnear_s0_i0.5_pABABAB_ppc2,near,0.3161173661673357,0.5000000149011612,000001110101
cnear_s0_i0.5_pABABAB_ppc2,near,0.2992375995752148,0.5,000000101001
cnear_s0_i0.5_pABABAB_ppc2,near,0.3738448299594562,1.0,000000111111
cnear_s0_i0.5_pABABAB_ppc2,near,0.3226481059153395,0.6666666865348816,000000111001
cnear_s0_i0.5_pABABAB_ppc2,near,0.3161478993398222,0.5000000149011612,000001110101
cnear_s0_i0.5_pABABAB_ppc2,near,0.29935609416729264,0.5,000000101001
