participant,condition,study,A_rule,B_rule,A_weight_A1,kappa_A1,A_weight_B,kappa_B,A_weight_A2,kappa_A2,A_LL_B,B_LL_B,A_LL_A2,B_LL_A2
study1_far_sub1,far,1,2.502948,-0.638645,0.9771770115794025,3.2300430159997955,0.02069096898798916,5.291905020631253,0.832599708243158,1.8722822905094199,-158.67712116855142,-43.42342520775506,-96.95061581500222,-151.8933256674329
study1_far_sub10,far,1,1.9342180000000002,-1.207374,0.8574562632190118,2.2094748442838674,2.6274765280947105e-15,9.898049250351132,0.7665462437368641,3.62024557788891,-163.17965017108222,-16.215243860620106,-100.00391951252062,-148.85103752433437
study1_far_sub12,far,1,-2.068017,1.073576,0.9132086098271338,3.4253831831482073,1.8308723641207967e-18,12.372967268192852,0.6669923315625572,3.9399985555876924,-163.75435603368865,-9.8699364920239,-107.93162309690051,-140.92334497874103
study1_far_sub13,far,1,2.068819,-1.072773,0.8812922810841881,1.7190680601333699,0.3483001934506645,2.706295800711937,0.9999967836950941,3.619000548460456,-129.61596768334041,-94.35350202888952,-52.275297925593705,-175.25264909282947
study1_far_sub15,far,1,2.360149,-0.781444,0.8244648992031655,2.0892596344163903,0.14593330185488287,2.811381578732122,0.8317292291629671,2.09074609733474,-142.91649334351962,-79.72424725767465,-93.41182456605098,-155.0768608892399
study1_far_sub16,far,1,-1.906912,1.23468,0.883672262943957,0.7847862570903023,0.28333375472938294,2.9958809415629832,0.9093288696176952,1.0,-130.91206873337475,-93.05740961268828,-102.94574053699345,-145.90923837189462
study1_far_sub19,far,1,-1.365378,1.7762149999999999,0.9629682508695901,15.628550515509254,0.08769090995872598,3.8749798128239243,1.5774674428458665e-13,4.6743420613255475,-151.44190413236674,-64.63773114266046,-177.54183982240335,-42.900156741204974
study1_far_sub20,far,1,-2.219238,0.922355,0.9310362023634874,2.775579917928695,0.21302242836783927,4.5350644469732,0.9999962898112916,4.727726707767416,-141.4755047760566,-81.68386580332171,-42.49924733751057,-177.62712939540847
study1_far_sub21,far,1,-1.9115849999999999,1.230008,0.601096133416811,1.1075273140107278,0.15740788060843228,3.909918119843569,0.2312044904481968,2.639238336622826,-145.54659602776073,-75.76473040919997,-148.3444288659796,-100.51053399342739
study1_far_sub22,far,1,-2.100726,1.040867,0.8674877189105069,3.263623499883098,0.018518514744165507,10.169006004253761,0.9999999414336138,4.231455433258392,-161.36862100064255,-30.175841609850636,-46.466183236881236,-176.73951586342966
study1_far_sub23,far,1,-1.966225,1.175367,0.9567786533977156,2.581935462645675,0.27152997725011596,4.002945308022871,0.9937722305437043,2.2751238959779494,-139.86242937797704,-83.718012874183,-70.95239973065294,-168.6554347054496
study1_far_sub25,far,1,-2.352299,0.789294,0.9496603591851719,3.61394751736908,4.726225821678513e-18,8.830274766474714,0.8333344593708297,9.562715529487157,-162.82836494403045,-19.49731582814352,-75.19316596545613,-166.68313683501296
study1_far_sub26,far,1,2.178443,-0.963149,0.957216366571309,1.164480103278924,0.5147095327569811,1.1256122762424434,0.7430368253933127,1.054541297218078,-111.52193248100616,-112.44754388292606,-111.87575893438382,-136.9792059875082
study1_far_sub27,far,1,2.591453,-0.550139,0.9390502272594801,1.3621969591223009,0.014530708001271686,2.0711024299075094,0.7952342320739285,0.8750313603504349,-149.84281843251256,-68.02304732193336,-109.07494241086255,-139.78003557940684
study1_far_sub28,far,1,-2.304344,0.837249,0.8856343850352147,0.5021318792954718,0.8010883052676399,0.24100023882828409,0.8487695698895492,0.18917100826649996,-107.7021846832545,-116.26728991115174,-120.29787264351917,-128.55709597856327
study1_far_sub29,far,1,1.459345,-1.6822480000000002,0.6482206528263744,6.323731588575024,0.037037037037037035,25.49197182587456,0.716666665885732,13.936057140329405,-160.9423655361834,-32.686828763887135,-99.07563718694469,-149.77933204870214
study1_far_sub30,far,1,-1.5251589999999997,1.616434,0.9814814814814833,17.05420050153602,3.1738178322800977e-16,8.61838281571908,0.9833333333341253,14.093167793254164,-162.74787465342058,-20.199473318645737,-26.823433838445585,-180.28672883333223
study1_far_sub32,far,1,1.244543,-1.897049,0.9832844037242713,5.090378640284794,0.16926776588530623,7.866951781370167,0.966649831598642,7.747873716790664,-148.22429205162086,-71.14987376962662,-47.07602177213186,-176.59417478480555
study1_far_sub33,far,1,1.062912,-2.078681,1.0,26.115771482858637,2.326224605990861e-19,10.368858709036225,0.9166672628724749,12.604344636796933,-163.31078858763536,-14.886856223130055,-53.59058834513954,-174.8828678505019
study1_far_sub34,far,1,1.875414,-1.266179,0.798529271666582,1.3023423352206953,0.2995972127953499,3.7081709234889493,0.6171562103094179,2.0968176694739187,-133.01128580562073,-90.95818890509105,-113.50549328911612,-135.34947931893961
study1_far_sub35,far,1,2.114832,-1.02676,0.9379761308064348,2.672489894945554,0.047286004584316234,2.6402205304435915,0.014356135669365758,5.5566155239384925,-150.68000128433184,-66.29039079751068,-178.109030805315,-40.14354551901468
study1_far_sub36,far,1,2.363541,-0.778051,0.9554276919716921,1.318509851142984,5.932196237918749e-06,1.8753248594064005,0.8294419317748315,1.3239534051732507,-148.4995235027822,-70.63752499468589,-102.09364376737433,-146.7613366610709
study1_far_sub37,far,1,-2.61443,0.527163,0.9515462580605728,3.1035390706440777,0.026894040312597293,8.288653219335355,0.9999999986691578,2.465234385498144,-160.7001791821448,-34.026408377703774,-67.54470708245985,-170.0971639766604
study1_far_sub38,far,1,2.392931,-0.748662,0.8308488786974432,1.256395840584367,0.20042443106162183,2.4396344240575636,0.8993040301704425,1.0,-138.51264633424128,-85.29906670303099,-103.2742869744414,-145.58067578237868
study1_far_sub39,far,1,2.303465,-0.838127,0.9999999999999998,6.044672573356191,0.04266000335712419,4.367201447884501,0.983342837299572,6.897502905862672,-156.7374507890381,-50.456502262579306,-39.56301598201756,-178.22286681297302
study1_far_sub4,far,1,2.068374,-1.073219,0.8646589705704444,1.7796267094198546,0.06381099892245563,4.4285171954402385,0.9996843693075739,4.33629571529999,-155.69797770269423,-53.712166380817614,-45.5836358142783,-176.94556417786143
study1_far_sub40,far,1,-1.300021,1.841571,0.6828592068617927,2.4789702180733797,2.171401930881358e-15,5.392611936780566,1.062168644790073e-17,2.954052065317099,-160.67955605494487,-34.13773849974905,-172.81927338153807,-60.21086618297325
study1_far_sub41,far,1,-1.245253,1.8963399999999997,0.6450714047151174,2.888488933890802,0.10298296860348702,4.342866442209928,0.8334378608024307,7.212492634165167,-150.602385543203,-66.45460534298465,-74.94751150448484,-166.80317338977724
study1_far_sub42,far,1,-1.286133,1.85546,0.635928110938105,2.7678421030435407,0.32727833408469303,2.5885145204749773,0.4443650424090883,3.2341127093477544,-127.32773555183186,-96.6417398352925,-129.10362367219665,-119.75135102092631
study1_far_sub43,far,1,-2.347031,0.794562,0.9492604842442076,1.8963695714543745,0.11594448486430184,3.4832717806358473,0.880714936455488,4.519349568581379,-147.48054986636447,-72.4971393770516,-77.39674281019737,-165.57227741408056
study1_far_sub45,far,1,1.664263,-1.477329,0.8492714248850108,0.24503590603742031,0.8385419387298988,0.024830674823774983,0.34270531351749006,0.8660910186291412,-111.48695216481147,-112.48251831821398,-131.3642862025291,-117.49068176845496
study1_far_sub46,far,1,-2.320047,0.821546,0.9380030481085223,0.9914139203847583,0.01367803897725661,14.494481231616811,0.9412405699546085,1.02662265262289,-163.8147308972426,-9.112925815943353,-99.40701529887426,-149.44794259556852
study1_far_sub47,far,1,2.137228,-1.004365,0.6475425780894042,1.6767281667970864,0.19943837093350686,0.39964297602613474,0.9652201622609952,2.4934798736593424,-119.38943948236161,-104.58003190428116,-71.63155132909799,-168.35337428597504
study1_far_sub48,far,1,-1.972393,1.1692,0.8575933385071677,0.5065264352832776,0.33785382835226657,1.9572040944053566,0.05584407024717754,0.8882758465668577,-125.4383592012587,-98.53110997313298,-147.99199518719863,-100.86296499604727
study1_far_sub49,far,1,-1.079283,2.06231,0.6627213679051378,1.1305773125699625,0.2509586040074233,3.4628284259013236,0.4559798953923701,1.6312795480952396,-137.15687018869187,-86.78248735004384,-127.44484022792103,-121.41012904690042
study1_far_sub50,far,1,2.008789,-1.132804,0.9482360458529288,1.4790158311858048,0.3405379153216702,2.449970476270217,0.4980390429199894,1.4371613460659707,-126.12466629653962,-97.84480330317786,-123.83038457872524,-125.02458152167138
study1_far_sub51,far,1,-1.283962,1.8576310000000003,1.0,14.378663141710996,2.426749955135419e-19,12.11350988938691,0.9833333333720693,19.195695348471993,-163.7054253875531,-10.469001685105436,-15.069864231996133,-181.59506039348116
study1_far_sub52,far,1,2.43456,-0.707033,0.9967347971493815,2.333769480238034,0.00029592908150294497,4.358380808865386,0.07144389764242363,0.8432606186083993,-159.28871282547573,-40.86136037359058,-145.892951678748,-102.96200452139713
study1_far_sub53,far,1,-1.6876869999999997,1.453906,0.5821276151290462,1.5095050867033726,0.20650703045247545,4.8926016182542424,1.156063662881684e-20,15.281377369530748,-143.9733185559706,-78.19547318353943,-182.42983950265912,-4.372078172246832
study1_far_sub54,far,1,-2.232955,0.908638,0.98411645902733,2.322316265584527,0.09255666451142132,5.292853163492966,0.9337630514466425,4.838910631338205,-151.8436103141323,-63.73515956877402,-64.9414174210267,-171.12016711651773
study1_far_sub55,far,1,2.564648,-0.576944,0.9976190256260259,2.361008726016407,1.717294324578953e-85,96.57693083060317,0.9972984281878526,2.4238788657955705,-165.70443382196493,46.635609683110225,-68.38410669834448,-169.75315989729185
study1_far_sub56,far,1,1.843574,-1.298019,0.14250027019029143,0.19260133968505985,0.18106868720020317,0.23935280223605662,0.7011197990858212,0.6611563145156313,-116.86310804366278,-107.10636352467576,-116.60777225332879,-132.24719723942565
study1_far_sub57,far,1,1.788678,-1.352915,0.8533517131218432,5.048488040025612,7.511133003186162e-20,15.182142538558919,0.5940232510478902,3.841880612844747,-164.17488888609145,-4.11721358298991,-114.77787685541452,-134.07709695682757
study1_far_sub58,far,1,2.3051169999999996,-0.836476,1.0,10.722836186346054,7.852560329814141e-18,23.579825446894198,0.9864866447887959,1.2530586683752762,-164.82699961880974,8.115984011689957,-92.07271134215648,-156.17141715883258
study1_far_sub59,far,1,-2.422888,0.7187039999999999,0.9854401753211032,1.560173449348301,5.34261104094348e-09,16.535599984559806,0.11393573796114849,0.032697590605990916,-164.32554893789649,-1.7307539635204399,-125.56742814810202,-123.28757904176364
study1_far_sub60,far,1,2.411884,-0.729708,0.9908565598401398,2.109998285631126,0.032327455116563535,2.266142964074524,0.999999776779545,2.607261792217685,-150.2541566639397,-67.18218580943066,-65.26082178828263,-170.9981617472705
study1_far_sub61,far,1,1.135463,-2.00613,0.6691379559035951,2.3470577245386495,0.1519316312713381,2.3563892156470585,0.6991451339210799,3.8423035430089802,-139.82679865043502,-83.76113940947441,-97.79124475727075,-151.06321512955145
study1_far_sub62,far,1,2.611676,-0.529917,0.961310538268387,2.8493643097764867,3.0205991972606035e-07,3.0401618431056256,0.9999999999750518,3.683788375354556,-155.88194306982678,-53.15721551063961,-51.60248900469953,-175.43690573402745
study1_far_sub8,far,1,1.779707,-1.361886,0.7452050185823519,2.103244422246175,0.3142606859179701,5.520026382743764,0.5710248670603946,4.814427357089871,-131.65341507776617,-92.31606039138406,-113.47547247676592,-135.37949968308791
study1_far_sub9,far,1,2.182414,-0.9591790000000001,0.8768666841624868,1.6118751915379257,0.10993356922581354,3.9270131612862804,0.9593262478464996,1.7899242187352231,-150.17739172067184,-67.34062682610218,-84.30132725523961,-161.64470500739574
study1_near_sub1,near,1,2.296929,1.773331,0.9958611481948537,1.3003074210997192,0.9406811835515001,0.5009749216580492,0.9162268326198502,0.9848638061986109,-98.40698544952653,-108.79828680328842,-97.75207088115366,-106.59121204418527
study1_near_sub10,near,1,-1.864425,-1.340826,0.10143907242588408,0.2041915170738885,0.2245237565611954,0.07686784082814906,0.3753321410678327,7.353780014885629e-16,-111.54679686411413,-109.52901633287959,-128.79373774524478,-125.28730560487608
study1_near_sub14,near,1,-1.071069,-0.54747,0.5515761733622089,19.61780390151254,4.749243609300364e-05,56.71767154908653,0.11579221143123687,54.538845382040456,-49.55435043729711,32.1630513791198,-46.15060746775136,14.025590787341105
study1_near_sub15,near,1,1.440423,0.916824,0.07172370425798572,0.5825058562791835,0.05874346758414136,2.2000532619693773,0.7616880328622858,5.788133628634332,-76.59341079811249,-64.74906473530991,-42.34965076153111,-53.445909605323855
study1_near_sub18,near,1,1.812028,1.288429,0.9251378356520811,0.553850058465312,0.1013484380245208,27.66197876822567,0.4009030273150227,21.56831643659071,-30.78414403868901,-3.821493801618019,-15.632798308813975,-9.471312312509738
study1_near_sub2,near,1,-2.347481,-1.823882,0.9990232634783991,1.6538072610511034,0.23899016162440137,2.3620968931970374,0.9556945047428405,6.246764045172182,-67.51466769535998,-64.3134613824246,-33.05015621883016,-59.033756980215216
study1_near_sub21,near,1,1.136888,0.613289,0.9346688475361178,4.227742977500215,0.014545338269504725,23.09694498953745,0.9926947788414933,42.08706445647841,-21.555237635577004,6.858700705887836,25.269398345417752,-36.33936478564329
study1_near_sub23,near,1,-2.109017,-1.585418,0.9808533011043514,0.7226724121074558,0.5972179626125241,1.668866519096053,0.9330146921007465,0.4103623458918861,-75.74718942959717,-76.44822596608543,-111.86099748430088,-121.70666176965437
study1_near_sub24,near,1,-1.854114,-1.330515,0.9878201169049574,1.744490124358238,0.16166456634866222,24.431216210272833,0.24354481914506299,22.697266419452127,-26.61336059510401,-0.29743982160403815,-24.474916800579873,-4.1220848264966055
study1_near_sub26,near,1,-1.674546,-1.150947,0.994979832356528,15.267160944028078,0.07182239782134293,6.38795944956984,0.9363549146796104,8.35377096068208,-49.99831844345882,-30.035343182872857,-23.263937897012813,-40.6988775902186
study1_near_sub28,near,1,-1.3543379999999998,-0.830739,0.7839884800756366,1.2213681723783087,0.05511544642233571,0.48939847781168666,0.9068590897579593,2.6913918495590536,-110.28650732786238,-98.66856915674092,-65.16430340234967,-76.65035245834493
study1_near_sub29,near,1,-1.6655240000000002,-1.141925,0.999940228479774,48.07228862279333,0.09924353078594092,24.996204324908177,0.9790699654805329,70.47367445900868,-37.89785362943432,0.5449091518432745,35.81911305109126,-42.44651052103028
study1_near_sub30,near,1,2.211564,1.687965,0.9319515629854206,1.7493528766188862,0.29347989229898097,3.121216297467672,0.9584738665120367,3.031901946522778,-61.75335957921294,-56.89564633937448,-59.047172981225444,-81.2988436699573
study1_near_sub31,near,1,1.289197,0.7655980000000001,0.8319401191198329,3.638989164606608,0.03816523393443153,64.36117913947857,0.03138260407988988,42.204297063745386,-38.92227842573414,21.199865397512053,-40.362206404170045,22.121995832730363
study1_near_sub32,near,1,2.421768,1.898169,0.999642169664648,1.91515403875796,0.05198553713359295,4.389857270566161,0.9350990517011036,3.9371229171305743e-16,-63.26012871156133,-41.14252915908955,-132.26749806147632,-146.5510607608541
study1_near_sub33,near,1,1.64394,1.120342,0.908669237760474,0.6455896678848585,0.13551441256813443,5.702961547750435,0.35066843551307453,15.070194209956236,-54.86289428351737,-37.89420458038891,-36.00518439270447,-29.216060312167794
study1_near_sub34,near,1,1.128173,0.604574,0.9994713375919654,25.23135150431959,9.923625937215403e-06,42.064611039297155,5.015727079520591e-12,184.39447517312928,-53.25037754524861,24.009085098226645,-49.8148632192093,71.29432287775218
study1_near_sub35,near,1,2.187951,1.664352,0.9147903631548521,0.563648609945918,0.1951675473136619,0.0056306782843745,0.16952113744612266,0.06508737945017062,-116.71165197185573,-110.65680681035734,-124.31435056193968,-122.17251061788198
study1_near_sub36,near,1,-1.840929,-1.31733,0.9783449245954462,2.7983002528739354,0.006612928374633075,2.3518521789721887,0.988630283839594,3.383962460665237,-85.46665245344356,-62.433650022011044,-54.67161456062272,-84.47923065752396
study1_near_sub37,near,1,1.37739,0.853792,0.928558609266738,4.56765076874512,0.08768304570850534,37.6678401971589,0.00017307046388209845,18.213992657898846,-47.33245788384445,7.054292982557193,-68.02744134568216,1.0694103043446068
study1_near_sub38,near,1,2.605907,2.082309,0.9041558828378635,2.3708129704996037,0.8999903022165503,0.6310572166534701,0.9095691988349643,0.28442304381720773,-95.88383986543609,-98.03921231469435,-115.52242758036311,-122.4425732107961
study1_near_sub39,near,1,1.814623,1.291024,0.9128461592058975,0.713251788546467,0.05512900770216115,0.8673661681631821,0.1096494224519864,1.380468773086781,-95.16929769136581,-90.30827602606418,-93.32771636278588,-89.81094810172686
study1_near_sub4,near,1,1.328828,0.8052290000000001,0.8058633050853741,9.414606042403449,0.10606296565530562,24.871753121128208,0.06290386954988415,71.26811772881726,-21.336631767021466,3.014448737021691,-35.28685823588296,27.93652399685961
study1_near_sub40,near,1,1.545072,1.021474,0.923049877847877,0.20239190551699993,0.00019604450228469304,27.703642617101323,0.9600397948127471,4.462519152097221,-56.59925996226305,12.558294151221403,-44.43007411006355,-68.28984693924355
study1_near_sub41,near,1,1.4266309999999998,0.9030330000000001,0.9243774399941727,0.8309672167643181,0.04572276227574452,3.6785933589288344,0.9612793173574082,2.271655862053727,-66.62321059557829,-46.28723840971288,-70.75393636831862,-91.37838594646252
study1_near_sub43,near,1,1.937315,1.413716,0.9034780815521624,11.075537109610126,0.023341879122743863,9.883205680267555,0.7135876261094846,17.768723915810384,-53.038463807772544,-18.730388672602672,-18.963513153470522,-33.55168044473881
study1_near_sub45,near,1,-1.7957089999999998,-1.272111,0.11124369873871241,0.35662397254000633,0.03872138137979234,3.431404726989542,0.00012034423435929206,11.221418711615744,-66.41691303916231,-48.59786107177082,-74.08599785540378,-14.039954278862862
study1_near_sub47,near,1,-1.309134,-0.785535,0.9691360672427946,2.6088026673406395,0.021403549172535175,35.66331378406222,0.00015480377419262493,45.876896944199515,-50.845718500903295,10.649308763319073,-40.03788408749539,29.303073677022244
study1_near_sub49,near,1,1.662051,1.138452,0.8091619765511848,19.42082342081256,0.06525155391091435,13.361544459326817,0.08100581233861331,5.324626528073422,-42.26796175295802,-14.356807094107566,-61.79231800397781,-41.2831085183062
study1_near_sub5,near,1,1.123977,0.600378,0.7836414445368396,0.9143609523293432,8.703315410611298e-06,62.37833081430744,0.367691426331343,22.13598419204009,-41.21006850638248,34.75512447543371,-25.913776998189977,-25.462044901561562
study1_near_sub50,near,1,-1.34192,-0.8183219999999999,0.9114659615221645,1.0227027858322053,0.03247521665692982,2.9845359450124533,0.024507223849695777,2.451950792029333,-71.41427917592746,-53.45845477387232,-84.05517019047981,-67.50749784863208
study1_near_sub52,near,1,1.116638,0.593039,0.09513153607712957,1.6771314370631496,0.015143981627974094,62.47607548755647,5.8541791284289e-06,79.71737317705536,-47.15193533944853,30.639497966933487,-53.42074340473001,46.028401587396694
study1_near_sub53,near,1,-2.382825,-1.8592260000000003,0.9271719527245269,1.393959602997181,0.6711065712967886,0.4544409021076137,0.906937253544167,0.2568969327403187,-100.48283873377466,-100.9360087851154,-116.35419335221934,-122.98288870574467
study1_near_sub54,near,1,-2.465617,-1.942018,0.9807173085636648,2.1944051227569266,0.9807330013051673,0.9336866102799002,0.9908706481349794,1.1892643218842232,-88.96062888976522,-106.81029625484486,-93.40105992101525,-113.35133103297855
study1_near_sub56,near,1,2.25524,1.731641,0.08929053910658645,3.6700383202726634,0.002594081992169085,15.969896246145465,0.018582879789506804,11.69331457807289,-54.79265892961159,-2.7139855408788636,-49.50028224064945,-12.85348824472015
study1_near_sub57,near,1,-1.653313,-1.129715,0.9587228265693235,2.00196897800567,9.921100818763875e-05,11.616122379121876,0.7881734751240926,17.024353081046637,-66.41545357919274,-11.655239186660324,-24.072050146549074,-49.431001122456706
study1_near_sub58,near,1,-2.279597,-1.755998,0.9300194811546143,0.9469642899063497,0.9059669275649505,0.9029199291856203,0.9741805519417214,1.7344248304406136,-89.70106468408329,-94.94619095554074,-81.23229218868757,-98.17222913683017
study1_near_sub59,near,1,2.248123,1.724524,0.9077713149213694,0.8974863987371605,0.0006628261577725123,9.478450064520375,0.009764860297901462,7.409243604028598,-60.218960103066586,-17.448218807356923,-69.21782256934974,-27.526540680243293
study1_near_sub6,near,1,-2.285115,-1.761516,0.9976152458822418,1.4378770542604697,0.6127311956835183,1.2547053426386439,0.9794473980611766,0.7489749792121771,-83.78041608143009,-84.38819816986239,-103.17594656460456,-117.86806058152875
study1_near_sub63,near,1,1.8614109999999997,1.3378120000000002,0.3271519558300999,29.334219675369564,0.23042940795814182,13.958006620838441,0.19778357818898099,26.297261284781847,-40.218846710605256,-26.540904175166787,-43.58948466942409,-9.91779179919845
study1_near_sub66,near,1,2.297936,1.774338,0.9669275053772962,1.6131275418963509,0.015359279619974173,5.627801717367026,0.46084279779880205,19.39357145282669,-68.03599936277764,-32.97608164166249,-42.81142246686392,-40.55534764701941
study1_near_sub67,near,1,2.616228,2.092629,0.9914501607385495,4.1761119261736495,0.08552123900892908,3.474027754069883,0.9666746402065319,2.8176250655749033,-65.30234134120842,-50.142834951036924,-62.076326736065774,-88.6609427614377
study1_near_sub69,near,1,-1.759666,-1.236067,0.9585082408406614,1.4797322042228287,0.23167693982865137,3.3968696299141916,0.9614324719511534,1.7354742428966254,-58.02502686242121,-53.128196814901365,-81.19240035718995,-89.95920115999655
study1_near_sub7,near,1,-1.6102239999999999,-1.086625,0.9361253500913504,2.1158378482123563,0.022778925808632278,1.860820808053314,0.964064359292912,3.093409126631593,-85.3429305127942,-70.71763200579879,-58.078674433987054,-81.60873446553444
study1_near_sub70,near,1,-2.295341,-1.771742,0.9942528103910377,3.5905276986537293,0.902228989175307,1.4898436733100764,0.9906032635686722,2.2263865435698724,-78.38216227812799,-81.41971085579686,-71.5894726627512,-99.64811680149654
study1_near_sub71,near,1,2.154148,1.6305500000000002,0.9926516073691156,1.6794235112810756,0.04186520155316108,8.642340517572329,0.9999798283384753,1.8308210424903886,-49.468600280471556,-21.388528906715216,-79.40400354430686,-110.69995444533953
study1_near_sub72,near,1,2.053247,1.529649,0.9562836768574973,2.460619465334142,0.14733987019968262,2.936036880837882,0.9199141766865471,3.2752242600510835,-61.35980431359207,-56.17608774430336,-56.55445347461796,-70.34365692649655
study1_near_sub74,near,1,2.386924,1.863326,0.9932891420206227,1.760243656714628,0.8044632241687304,1.589999409277108,0.9864169570347734,4.112378615257383,-77.04017297643013,-80.7561267321639,-47.43918419873298,-81.04713058216737
study1_near_sub8,near,1,-2.29747,-1.773871,0.9716724873312166,0.9353779225232474,0.06735257216281085,2.3142010690385346,0.9685492984428552,3.133624809078191,-76.40958866024555,-63.146831664623804,-57.48283331829762,-77.92337178047826
study1_near_sub9,near,1,-2.249584,-1.7259850000000003,0.9694670442851808,1.7182006389224078,0.09145921186750704,1.868795383076143,0.17022727230502238,3.1806741756561867,-79.51414673809141,-71.40016844017858,-67.68070170271504,-59.68544167632763
study2_far_sub11,far,2,2.15637,-0.985223,0.9628633026641389,1.9261995055669916,0.09076406023507148,8.277502363296113,0.9089075115373741,1.0,-158.0391014519084,-45.9005649112016,-101.49371732519705,-147.36124305878877
study2_far_sub12,far,2,-2.51602,0.625573,0.9853986020382902,1.7830296693459482,0.023307438135171984,1.6374442572550172,0.9903948153086404,1.9939181832070534,-145.16182842981553,-76.37710933977931,-76.67976344342132,-165.94057487305503
study2_far_sub13,far,2,2.038107,-1.103485,0.8383685008667079,1.3217325089981211,0.0577646338072153,4.654761479191513,0.970425397482486,1.1553714839803129,-155.80109451799223,-53.40212978652366,-95.7266629943571,-153.04744344241954
study2_far_sub14,far,2,-1.789573,1.3520200000000002,0.7885425177951473,1.3371397372847467,0.24073120407308202,8.657376687171055,0.6622735753101183,1.404708229353656,-141.07054102876597,-82.20992562674955,-111.90880340880736,-136.9461663509373
study2_far_sub15,far,2,1.286435,-1.855158,0.9766327632624643,5.300862190424689,2.9567460065134614e-28,18.845057739040826,1.0,19.9872877126929,-164.5318931507006,1.9088569033173415,3.935768556707722,-182.90673594079996
study2_far_sub16,far,2,2.378427,-0.763166,0.9836636408389198,1.5647556334241282,0.033697273942107385,1.918048903699167,0.7918913406359056,1.3186521487985885,-146.82262793440873,-73.64565665363038,-104.44232633461009,-144.41263938326313
study2_far_sub17,far,2,1.457893,-1.6837,0.7650131831549224,2.115884155984587,0.09234541424835045,8.148527840897959,0.9314101258990735,3.0780202258031877,-153.93235703351357,-58.645922588138845,-70.15077258282255,-169.0055281054864
study2_far_sub18,far,2,1.900866,-1.240727,0.833283598369868,1.4535946276880938,0.5977253443488327,2.306099146304406,0.8615841070439366,1.8357916768681708,-106.35897616051041,-117.61049827887291,-94.75939996497652,-153.91825606322848
study2_far_sub19,far,2,-2.042039,1.099553,0.7894147412629356,1.8835143668584153,0.1107474204147779,11.909444468954998,0.8332947860629212,5.655790701201765,-154.77658394603606,-56.3701124115662,-87.42875771922584,-159.60033726080835
study2_far_sub20,far,2,-1.901891,1.239702,0.9999943801978401,6.752238184376626,0.037036248615774654,11.268472701387395,0.950000286891029,7.706421516593748,-160.58161710159308,-34.66148943292546,-54.614145970077956,-174.58621053077857
study2_far_sub21,far,2,1.1553,-1.986293,0.8847589893950849,2.264977203694716,0.11537707747588925,4.46330575317579,0.9999999999998755,10.101012628219154,-148.44687742279132,-70.73614783190928,-17.37165060368786,-181.3752579119271
study2_far_sub22,far,2,-2.521672,0.61992,0.9983344884295678,2.6581988492577735,5.091491861684175e-35,28.631164215654657,0.984554810712874,3.879914179759241,-165.0331713927579,13.464195594011377,-55.22761259470047,-174.40461297166024
study2_far_sub23,far,2,-1.569261,1.572332,1.0,40.79814415071612,1.2536303600937407e-25,20.35618002236536,0.916666666670996,19.29508986767784,-164.64120235671422,4.049228523194033,-56.11580296127906,-174.1365394693323
study2_far_sub25,far,2,1.626321,-1.515271,0.6490454768624597,1.3201435504536707,0.5522545599907409,2.091678460328337,0.6665000795721906,3.622969361337019,-107.8183315781278,-116.1511476139756,-108.02928238834248,-140.82569899448052
study2_far_sub26,far,2,-1.893345,1.248247,0.9192498691504044,7.62590915675215,1.091314877642393e-67,39.682661593363825,0.7666719801988364,5.376556973219176,-165.29994089753347,22.415140752436592,-97.3618122440845,-151.49129308795676
study2_far_sub27,far,2,1.920687,-1.220905,0.9007501494293957,2.170155499800658,0.1481481481481444,16.733586554760077,0.812736623560742,2.4505191568525526,-148.7617329562098,-70.14231330535786,-94.5725785467145,-154.0825527694733
study2_far_sub28,far,2,-1.460218,1.681375,0.9421172620042887,4.725706584672754,0.01852010213484046,10.20631516182697,0.6524204692961143,2.2431782218069283,-161.83925993921073,-27.135771865156293,-107.63111677501695,-141.22386373710333
study2_far_sub29,far,2,2.600806,-0.540787,0.7968246624192127,2.5299645282077354,0.16086756783927203,6.219313768217811,0.9989510004376838,2.9275407535702245,-149.5794555442844,-68.55116992945969,-60.59220270478799,-172.6895852145288
study2_far_sub3,far,2,-1.885896,1.255696,0.7747458875120989,3.1272033775161074,0.369831094043404,5.197129646945789,0.5165369946807371,5.009417738741105,-127.80857464717712,-96.16089492439689,-122.8414132260846,-126.01355636837876
study2_far_sub30,far,2,2.0159,-1.125693,0.9263075651922151,5.899025330657449,0.047381176002134755,4.690049103246418,0.8323907479261775,5.493525508669863,-157.2212581635122,-48.83230702343627,-79.84470479394741,-164.26202336495055
study2_far_sub31,far,2,-2.267503,0.8740900000000001,0.5636484796255596,0.8341057984009997,0.1151473081362243,4.343432541583114,0.1021442168258348,0.6714700320600816,-149.6775491965295,-68.35538151518207,-140.76710617286173,-108.08787240276743
study2_far_sub32,far,2,-1.683942,1.457651,1.0,10.264313904459533,2.0438018838235957e-09,8.928031470796089,1.3498594963324897e-08,5.001477026132342,-162.8641609588783,-19.179486551627335,-178.0325360712069,-40.52831520322291
study2_far_sub33,far,2,2.514632,-0.626961,0.9787392291587879,1.5415315886066365,1.3177656103125493e-06,2.751468069367273,0.9347963453776357,1.4308765775133987,-154.63342289848646,-56.766179753770665,-93.040602256712,-155.38569404252738
study2_far_sub34,far,2,1.83145,-1.310142,0.9814815022116413,8.932517632372566,0.09259233203876105,7.342363016978113,1.0,15.059636639736864,-152.50140571250367,-62.20730053812509,-4.82670389882542,-182.39986936679796
study2_far_sub35,far,2,-2.377851,0.763742,0.9915117390917253,1.7109086628697137,0.8107808524655712,0.3686067779149526,0.6370411723965916,2.3400646545968145,-104.45562693536166,-119.51384716794519,-110.47497409963464,-138.37999342564743
study2_far_sub37,far,2,-1.3285560000000003,1.813037,1.0,28.378241810499727,0.07407300627413556,6.540797630718346,0.17843689441133528,4.37191615339214,-153.7128797828741,-59.215115902742035,-157.5710991622785,-90.26225997053024
study2_far_sub38,far,2,1.7429759999999999,-1.3986159999999999,0.9361427677144728,4.613635483612944,0.019670266604244018,3.9094291164182,0.8366453935984404,0.5620680736364461,-156.47132490884312,-51.31883722591696,-109.41159382344594,-139.4433585205994
study2_far_sub39,far,2,1.6584479999999997,-1.483144,0.950012688000535,5.6459705984977315,0.05555555555555555,20.948115099120777,1.0,9.775800433481008,-158.72125842744862,-43.24505334911496,-18.412467857529354,-181.27049928988095
study2_far_sub4,far,2,-2.598287,0.543305,1.0,7.408283854220037,1.0706422787857514e-207,120.96107436302339,0.9000902751111589,5.15722835588546,-165.76106136980388,52.74267033040518,-74.27214419878554,-167.12940329036815
study2_far_sub40,far,2,1.35916,-1.782433,0.8232512403319691,2.6214514048643505,0.34054248241667484,2.579290717132237,0.8560348949873096,0.6048479310822782,-125.32833718012634,-98.64113464750692,-111.63068069640833,-137.22428324373155
study2_far_sub41,far,2,-2.227342,0.914251,0.9280766299205668,3.8325289108463205,0.009843746172531665,4.070685506115935,0.8959685280034937,1.9466852610671428,-158.43410984006104,-44.38866313368752,-88.19289258721304,-159.07092664608754
study2_far_sub42,far,2,2.305051,-0.836542,0.9271584958162782,0.8669450949500789,0.4565207934731734,1.1738590343714206,0.5413556878324225,0.726441197287792,-117.01320662525117,-106.95627247087711,-122.99184487768903,-125.86312485721797
study2_far_sub43,far,2,1.213952,-1.9276410000000002,0.8499545040094204,0.6470934235394312,0.2851012100958031,1.533920162029953,0.4035637989544435,0.9040830627162489,-126.57511778457975,-97.3943523750728,-128.58373317370777,-120.2712392429695
study2_far_sub45,far,2,-1.121884,2.019709,0.6993265568111697,1.1979293125988077,0.7038131957777415,0.9654116143215363,0.8528684074953339,0.21086251175335793,-101.84704956770541,-122.12242049711793,-119.70340267979883,-129.15156629345424
study2_far_sub46,far,2,2.317158,-0.8244350000000001,0.9926953836138875,1.7098613137564218,0.09735563047152558,3.4100177237000815,0.9975431514965437,3.5672059984736246,-152.99870062147122,-61.008393173438286,-53.03539680371901,-175.04050179330943
study2_far_sub47,far,2,1.256344,-1.885249,0.8151175583117395,5.961915824697939,0.2037035921187684,10.858886257175678,0.9833333333912232,15.526068680631441,-143.12799599612,-79.42467696980594,-21.44812351744632,-180.94473483751278
study2_far_sub48,far,2,1.200958,-1.940635,0.9100096604470232,2.554898720376248,0.08004869752612186,4.6436020703614584,0.016578540207137834,7.506785170338778,-152.5816194668436,-62.01653560212784,-179.04004191523006,-35.07963519454913
study2_far_sub49,far,2,1.597897,-1.543696,0.6132752168991229,4.642284232303084,0.4313639332269,3.0413788433932636,0.7666666665573756,13.3799745455855,-121.90545188591257,-102.06402162602355,-93.36840182688105,-155.11321142698807
study2_far_sub5,far,2,1.170546,-1.9710469999999998,0.8351021461061094,1.337346305255412,0.1312403494853883,6.691420806052898,0.9000399082606205,8.459534822478616,-149.61553457817934,-68.47928856405166,-59.58794905999269,-173.0285285080316
study2_far_sub50,far,2,-1.587338,1.554254,0.7542997974543804,7.10665591169547,0.3333333333329814,15.640234316122076,0.41260988999640086,11.072525705163002,-129.49302643961198,-94.47644315815916,-135.0934184203725,-113.76154766406856
study2_far_sub52,far,2,-1.147259,1.994334,0.829796943899567,1.832936163688361,0.018520547913472893,6.103750627232672,0.6135272433789937,4.1005117590105495,-159.38459760095216,-40.44080030366093,-109.34308927688174,-139.51188267934947
study2_far_sub53,far,2,-1.176869,1.9647239999999997,0.5074842147282289,1.5737143692244417,0.2654115123088425,1.4642860852223296,0.07014041579500536,1.7274641320543496,-126.91845173560398,-97.05101714614975,-157.472962635094,-90.39289055728791
study2_far_sub55,far,2,-1.155842,1.9857509999999998,0.6577801526836269,1.3648757662799267,0.15443100235751903,1.4626635744061456,0.5013108132985652,4.062369987397364,-135.94372203409813,-88.02518786867287,-120.39257697525329,-128.46239584426107
study2_far_sub56,far,2,2.547455,-0.594138,0.9372257982506343,3.9597224123536527,0.05590581170824178,6.3112030291920975,1.0,18.21641519090986,-156.9377519316198,-49.793177006329195,1.0731396108720328,-182.75665595605977
study2_far_sub57,far,2,-1.5336430000000003,1.60795,0.702804773172265,4.512691498620337,0.18518518718482987,16.245945945099567,0.2549541776234047,6.923235675902735,-145.34042317955735,-76.09434914760062,-152.43885811294382,-96.38020690430066
study2_far_sub58,far,2,-1.502241,1.6393510000000002,0.8106716634455926,3.276952478528844,4.5006158892094775e-31,31.891242799311694,0.9833333333332811,14.652875006398409,-165.13124998213712,16.426536816062164,-26.387486184060943,-180.3442567546
study2_far_sub6,far,2,1.824287,-1.317306,0.9242089080507344,4.944163130531195,0.33741267486572324,4.402215352100624,0.6839415543893023,3.2707678415286034,-126.31259903747524,-97.65687166746498,-105.76077996307042,-143.09418683654226
study2_far_sub62,far,2,-2.026191,1.115401,0.8777684990935284,0.5620452513746158,3.240476118329382e-16,16.3160969133655,0.757326785524146,1.087428284499973,-164.30285251963863,-2.103706353840547,-108.70434045697475,-140.15064415633717
study2_far_sub64,far,2,-1.177289,1.964304,0.5795596913935986,1.8362596240350397,0.16580080369110203,2.7156855537960727,0.7559639110714244,2.9573601603664157,-140.30534636598264,-83.17558804912348,-96.96667298204994,-151.87776732507285
study2_far_sub8,far,2,1.489686,-1.651907,1.0,8.688298963993494,0.41877793364978755,7.46560704069667,0.9833333333333333,19.659000261694064,-120.22567122733156,-103.74380206427615,-22.00292849223269,-180.88178029754215
study2_far_sub9,far,2,-1.3477430000000001,1.793849,0.9070506493548017,2.0955996024384715,0.17434613899818896,3.113788462650637,0.9500000000004735,14.54454339869683,-143.41670976457897,-79.01064900567185,-47.604097884100035,-176.46635677096904
study2_near_sub1,near,2,1.518091,0.994492,0.9376482605705588,26.287739579933874,0.04363746923933691,60.34319595719018,0.9993216365688354,31.707254621117844,-43.356912240953065,19.15577080802308,18.05872663570793,-42.61376762873416
study2_near_sub11,near,2,-2.2042,-1.680601,0.9306954493440782,0.8858795492057729,0.9366178658879701,0.8801549828550497,0.9150655307759273,0.39145855477728636,-89.81826355287777,-102.64741279903158,-112.52040812758743,-118.99206314994653
study2_near_sub12,near,2,-1.900892,-1.377293,0.9703684860007393,0.5958738733616491,0.9339675951367717,0.6348070100124118,0.9810169386780352,0.3536668950199235,-95.28847865535191,-103.41116373696525,-113.66132710301457,-133.47709322085177
study2_near_sub14,near,2,2.028539,1.5049400000000002,0.923402276599947,0.6985121842144594,0.640959250046437,1.6560404256219516,0.9319889929403963,1.1724433235210698,-76.63026940237721,-78.36853564155233,-93.56379405638296,-103.54421100966648
study2_near_sub15,near,2,-2.564311,-2.040712,0.9604554088139424,1.565677340658124,0.11814259783852846,2.95713989502639,0.9876808009663388,5.071884501123861,-63.79862355702459,-55.94363197957708,-39.898546317953475,-70.99113709007165
study2_near_sub16,near,2,-1.362082,-0.838483,0.5268311111945162,28.579418510214996,0.001303512591091988,15.637792301308322,0.0959093244295769,28.574942807611972,-57.56949571853668,-3.290085858064998,-30.280998672631647,5.783988411247912
study2_near_sub17,near,2,2.528907,2.005308,0.9059520160914768,1.3594220088766562,0.9334334454342986,1.8680416173136507,0.7201526982971984,2.0460463038855,-70.63401813835803,-84.1438813251826,-78.52852514039822,-83.86232091314392
study2_near_sub19,near,2,1.7740730000000002,1.250474,0.09873009387897025,0.20385165462863464,0.8959242545617428,2.871596756397163e-17,0.7528094579121497,0.12144106440559506,-112.99454970805066,-113.34230700213682,-120.36664389314475,-122.72939411982641
study2_near_sub2,near,2,-2.606862,-2.083263,0.9995179477482009,11.855073015130214,0.3033046469376106,4.755667930577719,0.9998842269195941,12.837582631657465,-49.41187063865306,-43.495044203096526,-9.809038601442788,-68.47213674990654
study2_near_sub20,near,2,1.452637,0.9290379999999999,0.9588932762676481,2.6743618193238774,0.04031045839488167,20.50738255909863,0.0010679145139267368,12.16960185080749,-47.4472397696328,-3.3259602716124808,-59.32168278640999,-11.475412390003918
study2_near_sub21,near,2,-1.571341,-1.047742,0.9339201169680105,2.9025375163198657,0.22771346410208673,20.29695361217844,0.008689129749407533,5.975327927136941,-40.767768237250046,-18.51443511787743,-72.76322774432998,-34.88006919372435
study2_near_sub26,near,2,2.481392,1.957793,0.9660700520009871,1.074774782085672,0.9256433466300313,1.3580423410880245,0.9940506977675061,1.5922576255720606,-80.53294954022391,-88.7389386114666,-84.43343574783776,-105.42540710946432
study2_near_sub27,near,2,-1.960642,-1.437043,0.9480827660592455,0.8048234465918851,0.00243232101102036,5.357213644453219,0.9761381146486136,1.760142213204208,-67.88077860179199,-34.29823314930824,-80.66906156195421,-96.5419445879955
study2_near_sub28,near,2,-1.629145,-1.105546,0.9526145958853485,0.7336801673111758,0.18543498139929557,1.906596080422855,0.9659662161074143,0.7503937447903887,-72.4875636527787,-70.67309028037846,-103.10505806008248,-113.64491121308724
study2_near_sub30,near,2,1.452812,0.929213,0.9296113883605422,1.5440862442639096,0.08055895636287531,4.897794512216422,0.976373339022863,2.1411382349820722,-57.462318010345676,-39.07796953801417,-73.0732799414271,-86.0964106807409
study2_near_sub31,near,2,2.318921,1.795322,0.3970425881828543,4.399180641426172,0.2856283654661574,26.33587974642179,0.9682399864160444,14.61248790002922,-36.29079785855565,-17.187287163847003,-11.299859464408339,-55.15923423964291
study2_near_sub32,near,2,1.541183,1.017584,0.9202613295359081,13.961007880249852,5.603680294758288e-06,29.01886265993224,0.7742805359392534,35.90281490836789,-56.7367484095435,13.834038047039442,-6.584187703541993,-42.04393233063292
study2_near_sub33,near,2,1.306354,0.782755,0.832091638686632,13.348037195674749,0.4166155997462287,5.718764351529859,0.09679045468090317,24.925677974660687,-38.2284819725429,-37.48773230455814,-29.384469542567146,-0.14201541239737892
study2_near_sub36,near,2,2.617831,2.094232,0.9234618085426791,1.2600469474928853,0.9112104961355549,0.8760104316193678,0.9620221865177011,0.9136540583669931,-90.16040228723625,-96.401998524357,-99.21008971690748,-112.34808594044058
study2_near_sub37,near,2,1.675559,1.15196,0.9497045738047496,2.7208488984093164,0.9072107502126878,1.1846889534578324,0.9280842810087473,3.2233198111096453,-84.25548840130313,-88.18240210352839,-56.77590076308467,-73.97229581409354
study2_near_sub38,near,2,-1.050074,-0.526475,0.9641602653130437,8.333746025536978,8.312724132056101e-08,93.21338332209245,2.2828064679269592e-05,109.62425336529428,-48.497583596718144,45.67336810363386,-44.73170178339055,55.63673168603633
study2_near_sub39,near,2,1.120766,0.597168,0.9995979673221936,7.9484545894276915,7.143946681395428e-05,60.10860263638961,0.9853860506525468,20.404170589620968,-35.177607461997574,33.74400807590736,4.1440598698863775,-27.166965046418166
study2_near_sub4,near,2,1.060889,0.53729,0.9985577895014323,27.60894852357061,0.18467609601392532,11.74369191420188,0.9804382090861344,17.55538315788476,-29.14851462046039,-15.320799879925154,-7.7999657170646906,-58.28067300234812
study2_near_sub41,near,2,1.39188,0.8682809999999999,0.986311240758585,5.360407620456481,0.1143764407873228,32.0978257325931,0.9096149407903308,2.1167024515067463,-39.27471819937943,-5.258986795818345,-73.78719254466309,-79.72622089202402
study2_near_sub42,near,2,-1.3636229999999998,-0.840024,0.29636882318139857,4.575437555178811,0.013836264430058663,1.5801032338180314,7.72183344261511e-07,48.39843415524815,-89.03591232184928,-76.18436533475203,-56.2387351283311,30.93282697819292
study2_near_sub43,near,2,-2.563712,-2.040113,0.8966989817933452,0.8382439839040344,0.09384470252633191,1.5505187849087771,0.905018173421661,3.935286812450552e-17,-81.49213119872354,-77.08140161876902,-129.07946260755912,-136.10754079407147
study2_near_sub44,near,2,-2.406027,-1.882428,0.9995430309515108,2.3241856578592817,0.887899262540846,1.115934773511936,0.9969070773428163,1.6900307299332753,-85.98819198942138,-88.22515330447561,-82.33950242391327,-105.00822295631058
study2_near_sub45,near,2,-1.23302,-0.709422,0.8972827646263078,0.24835033973971898,0.09381290972900587,0.10733781234521363,0.10324674439355445,0.003711194516124657,-114.52390728421949,-108.60111519531921,-125.27921913218744,-124.20839011234283
study2_near_sub46,near,2,-1.457853,-0.934254,0.36233267613121956,26.035403013028606,0.03326275853863111,18.412386627403773,0.021463721058141413,4.510001082135297,-43.95337331028626,-6.634172186894126,-71.83214540095786,-44.04704953794519
study2_near_sub47,near,2,2.423062,1.899463,0.9748675295559912,2.3907075956905603,0.33519935093876174,3.5927166599665625,0.9955908230236796,5.031928040452887,-59.09728215465241,-55.05589172509922,-40.251837335468224,-78.93536574966959
study2_near_sub51,near,2,2.125294,1.6016959999999998,0.9627235317537517,1.2288804932278017,0.23589995331038335,0.8405256950297193,0.9496798696699326,1.3118167224309054,-91.97942274013302,-91.39307152529216,-90.43531686374553,-100.43288790513647
study2_near_sub52,near,2,-2.260193,-1.736595,0.9754207542322227,1.7114556465768547,0.25339052521416155,3.2824376259532104,0.985932238571947,1.6536551433074855,-60.249333448034804,-54.992220391808544,-83.02332376510792,-103.07639509295683
study2_near_sub53,near,2,1.132722,0.609124,0.9995255280370343,28.692467813782493,5.3427734360204545e-05,61.763744049622574,0.9727540586644186,19.987439958654676,-43.340804910888316,34.48513014381553,3.0952680865123696,-25.69780790726946
study2_near_sub57,near,2,1.5410890000000002,1.01749,0.9119627530282837,0.5373285004629691,0.08321829468004106,1.8461670925727165,0.9066078400256141,0.6906665469135523,-79.19722442867295,-71.14968150870298,-104.73613972765159,-107.4703712441024
study2_near_sub58,near,2,2.348,1.824401,0.9954029397065881,1.422421470772152,0.9338177042912916,1.3861931114004393,0.9822055667173951,0.9888665723917355,-79.85849795616375,-91.3757890773511,-97.70271762071451,-115.70385755328262
study2_near_sub59,near,2,-2.533951,-2.010352,0.9464892961995944,3.3073720590839684,0.028862843782127917,11.883303427015088,0.7750585676265539,8.144101771878406,-55.09026155198511,-14.52713065440155,-36.65223990493824,-47.206362351605314
study2_near_sub6,near,2,-1.595419,-1.07182,0.5958910729786221,1.6327663026713102,0.18934919475345444,50.38197035995232,0.0013542155668507382,31.64618317654724,-40.82655134943822,-1.8618137813102926,-38.64792209618281,18.004835857521517
study2_near_sub61,near,2,1.144798,0.6212,0.9102241973732325,1.4347903892783642,2.695301465788402e-07,39.757194454745516,0.8136357099975476,8.673793841312348,-53.87420022748029,22.466485449499757,-30.216044673460228,-43.77649530085625
study2_near_sub63,near,2,1.97365,1.450051,0.9063093607911397,1.2310908192225618,0.7032960091821884,1.7355468296994974,0.9038291782447189,1.5190981167765976,-75.26612439510575,-78.02674353554202,-86.52065974498794,-91.10312754646569
study2_near_sub64,near,2,-2.199331,-1.675732,0.9941759701319358,1.0233211406588267,0.09108205525683502,1.3164049558572908,0.9789849653748199,0.9044841550282429,-86.67950433706179,-81.66464259573436,-99.54350806269183,-113.51224126966747
study2_near_sub65,near,2,-2.22922,-1.705621,0.9730251408793895,1.1769588205742596,0.022827885322017342,4.83209729878513,0.9423509041936565,1.3988929684451963,-68.98357340428993,-38.067934883396305,-88.49735240208561,-100.67825760462867
study2_near_sub66,near,2,1.891034,1.3674349999999997,0.9200643533268236,0.44782400147212514,0.03743514455330236,6.812955625915973,0.5019807957906612,9.048954920417852,-55.24434212303393,-28.910054704999887,-37.682019888949206,-40.746815308252664
study2_near_sub68,near,2,-1.24916,-0.725561,0.4969801559793908,2.9794039256360603,0.00030510052672998866,43.6718465003333,0.02679301223183435,2.6438970735154586,-42.02283854681282,25.034185293462116,-82.22734203207929,-64.41227963057679
study2_near_sub7,near,2,1.554983,1.031385,0.9021687333970201,0.9013020346888773,8.60027405143222e-06,29.636164808855334,9.689226613329179e-05,10.721890194253811,-54.54091415898363,14.412573770646938,-76.11055205263058,-15.479269186443073
study2_near_sub70,near,2,-1.515903,-0.992304,0.8967925511546615,0.5061668913873796,0.013729360602934677,5.338970536207187,3.162111067339653e-05,12.19357128970385,-66.46947448678299,-34.48979786623133,-75.62466087495271,-11.424957158355127
study2_near_sub71,near,2,1.99111,1.467511,0.9051441399667035,1.4934842482959663,0.03748746061396895,14.654196479208702,0.00031619734543466665,42.99702071521768,-48.64690880398399,-11.962711758977811,-46.283658581552054,27.316184799064622
study2_near_sub72,near,2,-1.380381,-0.8567819999999999,0.9075094617017683,1.3502856375007108,0.036402806063313635,5.341818135410358,0.008819963390982736,6.633680141374725,-52.145983527122766,-34.18159782955212,-59.59285443741987,-30.852239405905156
study2_near_sub73,near,2,1.8922669999999997,1.3686680000000002,0.9345398185379951,2.064523246295105,0.09658886163315492,1.3531764704923368,0.9039095864288346,1.0396745732755903,-84.27207049736708,-81.0750307495764,-96.79950540413999,-99.2201061981003
study2_near_sub75,near,2,1.299394,0.775795,0.116674467568455,0.20415426993745112,0.021956666230114674,1.0437585119379262,0.09560273695715057,1.1616227978860516,-98.18527144167766,-86.87683146812154,-97.27958257782234,-94.18762392507807
study2_near_sub8,near,2,-1.702978,-1.179379,0.9576041440463093,1.5842453580860674,0.006471211878611494,0.9285314375296794,0.09548317602967173,0.6126790639539514,-101.87778977096946,-89.21765842128734,-108.97692429503851,-106.75644184374228
study2_near_sub9,near,2,2.405043,1.881444,0.9781402600829805,1.5538231320488953,0.9309490910155522,1.7155611904304733,0.9874541872613043,1.5396092079559092,-73.53894477332508,-83.99831729260005,-85.55681168464025,-101.74119828423005
