participant,condition,A_weight_A1,kappa_A1,A_weight_B,kappa_B,A_weight_A2,kappa_A2
sim_study2_near_sub38,near,0.7889109770506147,2.428342476181493,0.028662907994999463,5.738423609405777,0.07165646898954195,3.170339594546889
sim_study1_near_sub50,near,0.9712941490242316,1.4500682032797052,0.028724139484492914,4.575797824846893,0.9259361987794568,1.6577570607937107
sim_study2_near_sub66,near,0.9615791593094642,9.128007228054365,0.05458798270496216,4.30678589541979,0.9097107759340446,2.7226363934010283
sim_study1_near_sub47,near,0.7462719277099361,2.339275451857604,0.012920005199294697,6.924172421118339,0.5307173701349576,2.5576374732331613
sim_study2_near_sub30,near,0.9766079271458307,3.0829456426822954,0.03195560215076628,5.366008434347866,0.9937778729369132,2.2789768638542576
sim_study1_near_sub4,near,0.9849820628372841,6.410397481955148,0.06152510589217495,9.374055138596614,0.9238374270642475,1.8096018126854558
sim_study1_near_sub30,near,0.9850484741548532,2.5294659845461935,0.04404748428889406,3.0214231623649606,0.9110889034750812,0.5901234393273502
sim_study1_near_sub26,near,0.9065227647767645,3.8314800501887087,0.029871058512173625,4.9396893142767455,0.08777142234616296,1.3240469509553303
sim_study1_near_sub1,near,0.9334234245055957,3.636379515301452,0.014640413089005015,4.01812316726268,0.9832987166986321,5.453092965840943
sim_study1_near_sub74,near,0.7643175898349814,2.132167991836879,0.048762490327918004,4.823409095868358,0.9837824449795212,3.1353038291011677
sim_study2_near_sub20,near,0.9067270306989133,1.56803477157123,0.0019251234196138414,6.809355054056018,0.9070161460710806,0.7372662753620244
sim_study1_near_sub57,near,0.9732537513358641,4.426584995274293,0.008581831070634878,5.576242406242443,0.7653737658216905,9.07875375682802
sim_study2_near_sub8,near,0.9579708804401403,4.91994927916148,0.06018707191590489,8.351519704197504,0.9597268743334453,1.9486329825223256
sim_study2_near_sub27,near,0.8836593898410333,2.9946006776732745,0.01979442890404721,4.590667991917086,0.9285715956828525,1.7270774957230959
sim_study2_near_sub14,near,0.9578804610117003,1.7261764162679032,0.03131774702238156,3.8348591632137032,0.9818935523208584,3.455153509272237
sim_study1_near_sub38,near,0.6800937670602635,2.013062852830096,0.04203410444660893,5.138560732438697,0.9121362275308993,1.478524477400098
sim_study2_near_sub33,near,0.9722148818184482,1.861874709628178,0.022612105768263523,3.780045058691257,0.9792539013562267,1.7100925053877947
sim_study2_near_sub1,near,0.7631020757924728,2.0536216073157973,0.05313026534315003,5.9371469161146555,0.7044515763211697,4.7734795826167
sim_study1_near_sub40,near,0.7204093209826451,3.1243643910108028,0.019630818473528114,4.388002744031257,0.9078574590902665,2.5505616333122907
sim_study2_near_sub12,near,0.7414960069918524,2.1102463285515323,0.04324044343865941,3.913189577973591,0.9193465739539523,1.5646311918390605
sim_study2_near_sub4,near,0.638734409062898,2.8623068621187255,0.06892897121578127,8.273261913346193,0.8050680043416171,15.261223511078482
sim_study2_near_sub26,near,0.8689056907394289,6.56568378421867,0.0215853906442597,6.0958550663959,0.6250326191010832,8.2743130824116
sim_study2_near_sub46,near,0.9019715702671085,1.832387474372564,0.06611533283293575,4.202736196649687,0.9118740915059799,1.716733422672779
sim_study2_near_sub75,near,0.6575421166594652,3.1848748570202448,0.00997626989603345,5.016232042893365,0.5573794718151658,5.813930685442223
sim_study1_near_sub29,near,0.7660047218050345,6.953459508664508,0.032970517702090134,3.6623216698113485,0.5210524844408306,3.9693454695509702
sim_study2_near_sub73,near,0.9904030667067493,1.8701268325046296,0.01784102751634058,7.270785422218723,0.05484640724859235,1.7349592633158495
sim_study1_near_sub67,near,0.9895760421136948,2.1072757851408714,0.03962141128631738,5.442694137995293,0.7471415071854229,2.422787620333993
sim_study1_near_sub66,near,0.9656521234329458,4.027649502042783,0.0012350457223780204,7.5258978430357155,0.733489460315663,3.1850446526089446
sim_study2_near_sub68,near,0.9339223940255902,3.3430660278230584,0.04254366517050064,5.255947405304143,0.9977094853760613,4.102432056901872
sim_study1_near_sub15,near,0.9080722930625131,1.5599511629252398,0.0019941916436052743,6.473385081398327,0.9297293573547852,0.7892915527630323
sim_study2_near_sub15,near,0.9023662942210043,1.5972562396357801,0.02099572906526844,5.631074203553785,0.9022674063083129,1.439107212781473
sim_study2_near_sub43,near,0.741859069918606,1.7667660999996406,0.04435515544935245,4.995385250806847,0.11432666011489848,1.4957446804106336
sim_study2_near_sub63,near,0.9703905674788394,3.7697881492587118,0.03175935600449036,9.620061264060476,0.9252892838701469,1.6170673720010549
sim_study1_near_sub6,near,0.9578824313994887,2.887655787200846,0.018434067846038658,8.62257203350734,0.9580805796556126,0.5685961637853381
sim_study2_near_sub61,near,0.6495034261957928,1.9713670426125784,0.029660813552498017,4.8933197637934684,0.1953885306880347,1.5742084352548347
sim_study2_near_sub6,near,0.7754040342233364,1.7903498596635137,0.03290683417035581,4.993060439972534,0.08286843219920895,1.0137606919099496
sim_study1_near_sub37,near,0.9597961475609676,2.630334099052051,0.0328032369330097,3.5966713419786127,0.9161417630690959,4.25921735244668
sim_study1_near_sub58,near,0.9678685296033521,2.481384959543266,0.013851418632970803,7.020046633691943,0.9062177244725234,0.8411269553927736
sim_study2_near_sub9,near,0.9613041767301264,1.7421736823853993,0.047729301319025974,4.170167565711379,0.9153133456039731,1.320590862722771
sim_study1_near_sub33,near,0.913781424138464,3.2992937654803716,0.03140803194567652,4.63338866882854,0.7178495020678191,3.9107832139669014
sim_study2_near_sub47,near,0.9718802830034313,2.4415904855863935,0.0442225336048291,7.0414415349143855,0.9033526092895834,1.2852250469713777
sim_study2_near_sub7,near,0.657762666771065,1.6802579448514947,0.04593425631885294,4.8565183337253925,0.916837085630027,1.4937793739301122
sim_study1_near_sub43,near,0.9865742262714263,1.557085726176517,0.038534034431116436,10.178767205048675,0.40461645545159736,1.3472562936753927
sim_study1_near_sub8,near,0.9026737036086617,1.4931309730725735,0.007862863476674316,8.442339089175833,0.10051497297191522,0.8495582114886941
sim_study1_near_sub18,near,0.9706272009904887,1.4686540649668192,0.015292557791412443,5.281477631359768,0.9301911127328141,0.603699436296199
sim_study1_near_sub59,near,0.9377619443736126,1.4846271418104002,0.07605212340179525,4.238211964210194,0.9345218594862269,1.4920235910841768
sim_study1_near_sub52,near,0.9060559810168642,1.7894300617086645,0.014183086184371493,4.706887809167469,0.09538338292074083,1.7360522705704362
sim_study1_near_sub24,near,0.9286440258381199,3.211353652720681,0.07208854312485062,8.340761307784554,0.9118258862848585,0.6043441627976979
sim_study1_near_sub31,near,0.71632855288431,2.2990590280030236,0.03598949837166291,7.806981342554495,0.9085302052923928,1.49657947594815
sim_study1_near_sub2,near,0.9604723068913456,3.5595974509174884,0.04671937775334231,11.66297639882921,0.9189036914602515,1.5205703388991512
sim_study1_near_sub53,near,0.980536822507945,1.4954593022374276,0.0620865296423723,4.670299298404468,0.9887754281974921,4.345260021737586
sim_study1_near_sub54,near,0.7764299929917912,4.551680428603468,0.06232432196432291,3.6901655671600855,0.9073441936339185,1.4817664447415895
sim_study2_near_sub71,near,0.9125369312440091,1.5036753876936464,0.024929406838973156,6.767304747826388,0.08118855338322868,1.6380725007636132
sim_study2_near_sub21,near,0.6758286936827151,2.155164095112908,0.06305393818860348,4.554957470729368,0.9269167721381745,1.062329344243711
sim_study2_near_sub36,near,0.8356680400644496,4.117690722150252,0.05072118144972669,9.541626495780136,0.9121938158544082,2.046049615851354
sim_study1_near_sub23,near,0.9646780181021654,1.8796844527932175,0.028117327502974944,4.21028091092764,0.9106456434965601,1.9587491824146068
sim_study1_near_sub5,near,0.9684531138464426,5.984376660324552,0.06200417232816634,4.836130344311446,0.9942207409652983,5.063747408864605
sim_study2_near_sub37,near,0.9906449923959195,2.7735898493049627,0.0405842657687726,5.534853294861049,0.9001909124442354,1.0622968274997717
sim_study2_near_sub57,near,0.8297657400280207,4.167349444703693,0.004309326516740685,6.2076946687995465,0.0756283381040399,3.4737966105930957
sim_study1_near_sub49,near,0.9199058404190328,3.943965620516649,0.0007453160186225096,8.74265077615451,0.9873222999872036,3.9635767690665715
sim_study2_near_sub42,near,0.9727054986913242,3.935165127414317,0.06080792514122022,4.197969830231231,0.8441393998366835,1.9312842850005
sim_study1_near_sub39,near,0.6351031593944865,2.840178709288628,0.04169661296895201,5.303596015092241,0.9044191146411896,2.1934873455835744
sim_study2_near_sub64,near,0.9074722410309517,1.4348899902299193,0.06419472214835566,5.551669104674155,0.7507105641803022,1.469968921736782
sim_study2_near_sub70,near,0.809853785331828,2.7253893704580383,0.023898291115223135,5.126336208086775,0.08549943930815834,0.9694713225457537
sim_study1_near_sub21,near,0.6866630858415719,2.613927723474263,0.028230443653803575,3.80937081511797,0.7494751190642079,10.607948773771595
sim_study1_near_sub69,near,0.9367133208683153,1.5786848109472684,0.03838382443628852,4.466884880605867,0.3335024560251068,0.3754473857028922
sim_study2_near_sub51,near,0.9850094153158029,1.6038588834319023,0.017517378690776055,4.298799446030329,0.9954680740518203,2.123605651808818
sim_study2_near_sub39,near,0.9545164521914947,2.846331072953517,0.06591544225538307,5.585447614295875,0.9350086147124679,3.0803638812203737
sim_study1_near_sub45,near,0.9490692927911536,3.330307910690933,0.013524700731255787,6.308692201984749,0.9274410023558691,1.1972152761810835
sim_study1_near_sub9,near,0.9116305471488515,1.4590055354170037,0.0385755443488277,7.103080853654574,0.9034628653625126,1.38818665652751
sim_study1_near_sub28,near,0.847421844992765,4.310680098563249,0.021166699435395717,4.485631409868997,0.6300572286982067,22.58386228845487
sim_study2_near_sub41,near,0.9728898187253063,1.7059767923238474,0.018072678814469736,3.85397199926828,0.36533018586238497,1.8050911242389525
sim_study1_near_sub63,near,0.7590685629290278,2.8309931137440394,0.0030547558105835848,7.095124166918187,0.49797127746316067,2.175239857882937
sim_study2_near_sub28,near,0.9634008961125882,4.711564207398026,0.04839605178053466,5.471192834542614,0.9136595730483835,4.770921332176039
sim_study1_near_sub56,near,0.9886449058781387,7.808689112964975,0.032156271966176174,4.484015587967806,0.7121767326668074,2.1724232444516773
sim_study1_near_sub71,near,0.9272844222652117,1.5803109435397216,0.024521422567973197,5.624603012402389,0.9110285846892535,1.5339571694843002
sim_study2_near_sub19,near,0.6005967861699895,2.94324383844767,0.04362672607804018,4.507790043640881,0.6880366616167368,2.0397195727118325
sim_study1_near_sub72,near,0.9777910509885136,3.3220946461368137,0.032623716372526465,3.386708156504018,0.9793359034489348,1.7959085753546675
sim_study1_near_sub36,near,0.9338591110936806,1.645625095657769,0.03104305441729498,8.762857587616388,0.8756018822839053,0.6734641315126632
sim_study2_near_sub45,near,0.9751157179264497,2.4160231202376377,0.0345809578660378,5.8570103054495375,0.9196069600462597,4.550234678405464
sim_study1_near_sub7,near,0.9892439998755856,5.850920462941718,0.013091456572326753,8.490757908167605,0.9193016905648084,5.428738595739016
sim_study2_near_sub53,near,0.9897883701714782,1.6400281191610095,0.051357376489784404,6.5945775674605605,0.9254012439646352,1.2829050501888621
sim_study2_near_sub72,near,0.6772803376152776,3.0749882159389985,0.015362826530179985,8.968102185646798,0.36488847013302744,3.4137624397770976
sim_study1_near_sub70,near,0.7341148080745779,1.6776206312461996,0.01538122972751556,5.465395359562992,0.9616706326353553,1.4817110288939945
sim_study1_near_sub34,near,0.9785124096214776,1.4150149913321497,0.021927525054680333,4.981174702130103,0.10035590449506306,0.03340978344481999
sim_study2_near_sub31,near,0.963671619121428,1.6298337904671463,0.008286374037251111,10.055539086689826,0.9282470748044584,1.7262243626900458
sim_study1_near_sub35,near,0.9748127348884739,3.0448008478686464,0.018026569891192296,6.751333075682619,0.9214519464078808,1.7545492619270553
sim_study1_near_sub41,near,0.9690671285423726,2.929290233076881,0.03458014258284272,5.243068068478717,0.09431123990310747,1.3644328598811541
sim_study2_near_sub58,near,0.7781029686562644,2.93433603763858,0.0669624129422774,35.177001422759965,0.2935341670936414,1.9823811367531778
sim_study2_near_sub59,near,0.9846966618014166,5.187727445320517,0.04774233007876983,4.020683003804949,0.9771109406317356,3.439521408110111
sim_study2_near_sub44,near,0.9099503476110951,3.2749778819024216,0.071343627113115,4.7625052587438095,0.7699974242545695,13.069621071595549
sim_study2_near_sub17,near,0.9129130413697383,1.5307472763191685,0.018740411503312175,6.270897378144039,0.08237131044977572,1.383096011408746
sim_study1_near_sub14,near,0.9708111020794554,1.7674596794878565,3.74087103750036e-05,19.831311614613835,0.9020940246687886,1.4708644513033635
sim_study1_near_sub10,near,0.9925239859752293,1.873794849430805,0.03978976673065932,6.235048512998534,0.9925004613729195,2.1309903691003718
sim_study2_near_sub65,near,0.9870167358019047,2.0037077970425603,0.04316669313976404,11.149975047264462,0.9225934546843698,1.4618040205552156
sim_study2_near_sub11,near,0.84277816804492,2.007133695262565,0.0016256654973813682,6.723431091189947,0.5341828922263953,1.7940254587821298
sim_study2_near_sub52,near,0.9850700019309614,1.8070053777619703,0.04277807775620579,4.658273681468949,0.8826722562858458,3.3928487813132278
sim_study2_near_sub32,near,0.906230117677469,1.6870653362380794,0.0011393659648947978,9.479833083518091,0.929944488023552,1.132845100925967
sim_study1_near_sub32,near,0.9646491549386991,3.864348110421222,0.04575534311632314,4.623959309264739,0.9123107251862408,2.2927241836846273
sim_study2_near_sub2,near,0.9781708712828919,1.8443598461862634,0.035372466857390365,9.377444769423867,0.9306996192560603,1.0201924595362912
sim_study2_near_sub16,near,0.9911950240492473,2.0562267399924234,0.025700636042011196,6.049762093773923,0.9356241159684102,2.168897959699039
sim_study1_far_sub38,far,0.9368078918354177,4.287094386314227,0.02721266610429091,11.861728344392459,0.8373245789707642,3.9237769763211374
sim_study2_far_sub29,far,0.9951204211584487,2.7002871368293797,0.0008839272461587094,6.368620588478013,0.9999999702470517,2.294249713377705
sim_study1_far_sub48,far,0.7999861281955672,14.21927312334163,0.03333306841864216,19.86090338230797,0.9521847578164153,2.2275689135710257
sim_study1_far_sub33,far,0.9836155447875059,4.323724365727182,0.0789991538211226,15.734505231096625,0.9999998656644677,2.2109361289826333
sim_study1_far_sub26,far,0.9680643176832819,3.669393854432877,0.04999999990334366,25.792015606461216,0.9999555276389689,2.8047379183326675
sim_study1_far_sub35,far,0.9133281890216733,10.03717610918748,0.03321071667059388,11.744906143221211,0.9807620600082873,2.016360686319396
sim_study2_far_sub42,far,0.7833338077663402,12.989535344880979,0.05011976176100103,13.351978434856177,0.8334064373508597,4.979685794940474
sim_study1_far_sub28,far,0.9194744766875863,2.934881679052389,0.08334429770438244,18.20754329663795,0.9913184726251335,2.0213404542986515
sim_study1_far_sub32,far,0.9777449009119386,3.680818235291562,0.058901474748035434,8.739153443513107,0.9999996956529746,3.6410844346744535
sim_study1_far_sub60,far,0.95264696072976,6.162588891690839,0.049999999991492766,21.339895652335652,0.9999999877384131,2.2918538665152157
sim_study2_far_sub5,far,0.8166666666623017,25.177493905594684,0.05,49.07158559306535,0.8333618741172784,4.828001535626248
sim_study1_far_sub16,far,0.9499940650354181,9.261612678026461,0.04920251950674141,12.63345040104866,0.9997756771137029,2.849611276516722
sim_study1_far_sub36,far,0.9999999999953977,12.63199406234802,0.04997019491641586,14.816548370461998,0.9999999998800971,3.8881513468625113
sim_study2_far_sub48,far,0.829253426315685,3.178875643149274,0.04216491846218872,8.94173484005735,0.9973333940593959,2.2538339629272395
sim_study2_far_sub35,far,0.7999987690966093,13.206333284903424,0.06663129720168531,27.179995920175344,0.8333474577712916,5.473862877148399
sim_study1_far_sub57,far,0.9507103323645938,10.035251340056998,0.06666655748676656,19.57585222444255,0.9999999999999508,4.413764591713923
sim_study1_far_sub8,far,0.9233307055390365,6.73345202290612,0.016666666666666666,49.18876177042312,0.9742227473830234,1.122896764494647
sim_study2_far_sub31,far,0.9790778741707468,2.7641974843576573,0.03334111906878922,13.855707443212442,0.9999879728332829,1.9187746435869433
sim_study2_far_sub33,far,0.9482999477170408,3.545110394853444,0.016666666663288757,19.2796114511983,0.9843040160771842,2.3306629944199835
sim_study2_far_sub11,far,0.9661682137288012,2.6232541077771976,0.06648299957868321,16.12917751833001,0.9964912159334491,2.1022102037672945
sim_study2_far_sub50,far,0.8483143703674366,3.8126607839799957,0.05000000000000118,29.003768356352712,0.9925880153588081,2.359822285357821
sim_study2_far_sub45,far,0.934400862537022,6.002955800369351,0.0001999272285457177,8.943880970772447,0.994434910795494,2.078635993501555
sim_study2_far_sub3,far,0.8115164947983267,9.575534764633822,0.03334401160431319,15.115172961871295,0.8256271494668677,4.05284231940081
sim_study2_far_sub14,far,0.8000000000000637,28.56518055350445,0.049999999995852785,20.03488662309824,0.8167823906065002,3.2678725193595075
sim_study2_far_sub12,far,0.8086510764289847,11.071409368306405,0.032222036257593116,10.777350750558758,0.8345023680076851,6.452680925348405
sim_study1_far_sub56,far,0.8288280907633279,15.288141204344539,0.03294005102212592,10.244393981777044,0.9999999999999767,4.04953788822763
sim_study1_far_sub15,far,0.966663270729287,8.837168435549046,0.0649769035016667,14.660569793054872,0.9988911369329283,2.35374657744311
sim_study1_far_sub30,far,0.7999809936297761,12.70020470291591,0.05000191528518538,15.395914014849879,0.8333394200342109,7.079629136084273
sim_study2_far_sub57,far,0.9713050221048284,3.836570108177873,0.04999999999983422,31.85344708031518,0.9999999883025376,4.335562420129445
sim_study1_far_sub39,far,0.9999415987759571,3.874730861138513,0.016666840682345925,18.359394523655407,0.9764646865805466,1.2031494588860552
sim_study1_far_sub47,far,0.7897165214439982,7.713798628850623,0.061515554769338364,9.622890295585918,0.8711279348525118,3.1427406666107993
sim_study2_far_sub43,far,0.8041349104563538,10.753678178600872,0.08322318112721087,12.41543489929233,0.8167507828043218,5.743128199776729
sim_study1_far_sub23,far,0.9686162713030676,12.594282704023698,0.04999987229281168,16.7439573677951,0.9999999941348048,4.078259484910886
sim_study2_far_sub64,far,0.823321047862455,4.556976241915903,0.044284768252704707,11.384160467883857,0.8333358036037848,8.473821747703685
sim_study2_far_sub58,far,0.7938979028192062,7.4665291226588675,0.03333333333282209,28.231352114527365,0.07396516127353088,0.6745423363795641
sim_study1_far_sub61,far,0.9666659481396489,8.692193186822614,0.049931842382477644,10.527547232384965,0.8847315861160752,0.5967072351053445
sim_study1_far_sub40,far,0.8144321245511575,9.719187032976766,0.07071160063593564,10.075608150138805,0.816776747474555,10.970722095337262
sim_study2_far_sub13,far,0.8010861636163547,6.484829057671625,0.03333243660856083,15.616632775385876,0.8331974775806265,4.40107311513543
sim_study1_far_sub25,far,0.9998087729294264,7.288371042302618,0.04558320598099194,15.206208440680617,1.0,7.620925384628126
sim_study1_far_sub54,far,0.9500224112175385,2.4257367842262707,0.01666666666915812,22.132643842996735,0.8292890189330542,1.8610248527907727
sim_study1_far_sub13,far,0.988315446943309,4.2147899486079465,0.0499996380558991,20.633786148001835,0.9999156821648008,1.895028636572675
sim_study2_far_sub4,far,0.9646424874287991,7.732090410567655,0.06666716202996091,15.852908625300353,0.8349807786090953,4.796850591384111
sim_study2_far_sub46,far,0.7512136938693448,12.132741387668107,0.0333333332493178,24.3882104811358,0.8333437480896004,7.473214478131809
sim_study1_far_sub29,far,0.9852561184127063,3.2693918132408775,0.07278733773306122,9.936428444766449,0.9999999975829231,2.7341440167165585
sim_study2_far_sub34,far,0.8424523687102616,4.1773074998757025,0.01671970880794452,10.360469055572702,0.86366713315216,2.529024875215451
sim_study2_far_sub26,far,0.9515755284523993,4.784641817397175,0.04999368772338879,13.649922846863888,0.999911409707351,1.8467513309471688
sim_study1_far_sub10,far,0.928274037275496,2.6029793510409602,0.03366436679171478,13.018621184965188,1.0,7.562009076933327
sim_study2_far_sub40,far,0.9773458510229079,2.6406540415602406,0.04831567676566376,10.364233646261837,0.9488878668825343,2.3869778767781797
sim_study1_far_sub19,far,0.950000040026449,17.644480913488866,0.07890692570172514,17.947275414526853,0.5966977438010883,1.5003790889741946
sim_study1_far_sub21,far,0.944330022002372,4.417907174621256,0.035497919762391215,14.154022062820786,0.996907182591151,1.7955256195741816
sim_study1_far_sub46,far,0.7666666666733192,15.244458039972907,0.001463969535901142,7.270190006080878,0.8333333091468446,9.800719200492413
sim_study2_far_sub62,far,0.7914797546072065,5.06410181293916,0.05000000370905411,21.67517221923479,0.6927137115834782,3.466302785973926
sim_study2_far_sub32,far,0.9332873048759732,4.99973600901538,0.0630241730766898,12.966114397287129,0.9999072513023558,5.604724598729948
sim_study1_far_sub12,far,0.8193077460339669,14.208501628360931,0.050000000002217,24.08045704477493,0.9690825354739709,0.9738138798257389
sim_study1_far_sub41,far,0.8348166102312754,4.143369878466051,0.08319184013116727,14.977044252730401,0.9997460369344946,1.7356621803111583
sim_study2_far_sub49,far,0.8152804561419984,4.235588193317843,0.06666666670772248,19.175121496936782,0.9986368842689128,1.5351697703446283
sim_study1_far_sub55,far,0.9921351630196664,6.5716890573552345,0.050000274522406754,15.271230893182416,0.9977204219130448,2.8123218772471925
sim_study2_far_sub41,far,0.9499622549859968,6.398954694962619,0.048597483494503914,15.333705056586325,0.998927343082068,3.8181231325590996
sim_study2_far_sub6,far,0.93854108074561,13.212400666806287,0.016942896127666827,11.726547077278259,0.9881627864147516,2.572695848529177
sim_study2_far_sub47,far,0.7973748281043811,12.026339809679355,0.050000001584563934,26.849713986386657,0.8302684908945093,3.83351503942102
sim_study2_far_sub38,far,0.9780081918063338,2.5190993114705362,0.017149973814136726,8.937421814807912,0.836659648532581,4.154453540057295
sim_study2_far_sub39,far,0.8290667525760334,4.1856509287727865,0.03333295738801164,16.80163578335131,0.7699001093153256,0.9774713730452211
sim_study2_far_sub22,far,0.7946344355744033,11.47242143107619,0.0662446341170967,16.628689108421668,0.8259655982235014,4.121905299078776
sim_study2_far_sub9,far,0.9799251429088731,3.1416297080657856,0.08096334024514726,17.371745719638042,0.9999998101446587,3.473801788965983
sim_study1_far_sub50,far,0.9457463542630087,2.231386842634791,0.03333333333333333,37.41733960278653,0.833227086867123,8.768337428795988
sim_study2_far_sub37,far,0.9622472103702002,6.05988171727722,0.009107638283546462,7.092961341847667,0.9999951796757856,1.985669206041893
sim_study1_far_sub1,far,0.921101996327448,2.695709530499773,0.016668400277696456,24.62240537985118,0.9810761843635764,2.40049000759113
sim_study1_far_sub45,far,0.8313734338657343,3.220904444450545,0.0660751487055041,12.17610554209616,0.9999929958509377,2.9203863216206614
sim_study2_far_sub55,far,0.9488321443785858,4.435477544934373,0.06666665199879326,18.788436290732278,0.9776601962098793,1.859706393636507
sim_study2_far_sub19,far,0.7917972050529666,6.934447761061089,0.06661530679528704,15.579975997747509,0.8168192018762984,7.056003756611536
sim_study1_far_sub37,far,0.8576497773430188,3.180758715663611,0.0666492002962891,18.10509692275224,0.9944537582026671,1.926640819491707
sim_study2_far_sub28,far,0.9500682331798723,9.868737047671093,0.015892983808355632,8.433113076641666,1.0,5.190623088887992
sim_study1_far_sub59,far,0.8113501570558008,5.6213485559420215,0.03922138043987319,14.037982460394462,0.8466608731352416,2.9912797179445123
sim_study1_far_sub20,far,0.8230640425516104,8.20617383439706,0.050003919033585136,13.75912158772512,0.8568652122786281,2.672105443774964
sim_study1_far_sub43,far,0.9499999999995964,18.726659677451167,1.3110787902042515e-15,16.370829074029498,0.9496277667861415,0.7945484687327146
sim_study1_far_sub52,far,0.9498209617698876,10.34916548671006,0.0008368947221612389,11.306541268115058,0.9999999999999828,3.8944585771776765
sim_study1_far_sub4,far,0.9499764602870281,9.355862146747102,0.048923106111342214,12.480582296334928,0.9999999999077632,3.909001630280717
sim_study1_far_sub42,far,0.7999999999930066,19.367122220478024,0.027382302580481792,11.197317497336805,0.8332559340643934,4.740102467953162
sim_study2_far_sub23,far,0.8171103623279767,6.003620866730201,0.04447059383862415,11.535733361898693,0.8258271952017519,2.591346468528991
sim_study1_far_sub22,far,0.982588484257264,2.592496636620738,0.03217252887553602,16.08321095243436,0.7294241320456815,2.5314062325224125
sim_study2_far_sub53,far,0.9452547798061908,3.904819978660992,0.08333312199971996,16.07598811286033,0.9992957323975512,3.1519078362957553
sim_study2_far_sub17,far,0.9833481317760608,7.211432547473692,0.07422413314567393,10.84189220344343,1.0,5.064401841106686
sim_study1_far_sub51,far,0.7981530482260536,4.074181688715302,0.0028185990092783886,9.882507697526197,0.8388352334250777,4.648635121500339
sim_study2_far_sub18,far,0.7999599169298286,11.986392345309737,0.06759164206595568,12.89726658952734,0.8333333373300511,13.826698714896517
sim_study1_far_sub34,far,0.7666672086289694,14.48857506812322,0.045386505433868955,7.220696933365895,0.6182981135348753,1.1979679125972311
sim_study1_far_sub27,far,0.9780619177286539,4.385384111171169,0.033333333608909076,22.128233586814982,0.9848910510174794,3.4502611932169747
sim_study2_far_sub16,far,0.9822520601301641,11.529495638153271,0.03334074699317859,19.70013967926462,0.9784621841909994,3.6334272094366593
sim_study2_far_sub27,far,0.9986297688479685,2.9349464272624712,0.050000000026328255,21.4776597701837,0.8297154245920063,3.263733521434413
sim_study2_far_sub8,far,0.7833476222968757,16.655621946279954,0.1,35.53800079104451,0.9999999751408961,2.0260152393836224
sim_study2_far_sub30,far,0.8327906977699139,14.710041055182096,0.06661181558810879,13.280541403684982,0.9645727720648113,1.3132964622177288
sim_study2_far_sub21,far,0.9762332953658194,5.227990780446873,0.049877943382208086,15.462274055587578,0.9999813118482304,2.9240257934530374
sim_study2_far_sub15,far,0.8151377935763805,7.301085132749645,0.03359062781137005,11.346949018570188,0.9999999888555888,2.987632742304722
sim_study2_far_sub25,far,0.9565688901016534,5.387960205250401,0.019504438123961756,8.631520457313904,0.9999999975317125,2.218283241518483
sim_study1_far_sub53,far,0.8101381158176176,7.450473576683109,0.016811623598233887,10.501594024200545,0.8624588827690497,2.1949983537890203
sim_study1_far_sub9,far,0.7833332811069158,19.203314771465266,0.0805364872820851,8.239271666326914,0.8333485391828758,8.813892836275194
sim_study2_far_sub52,far,0.9449736868092915,4.040863661443858,0.040355958516271745,11.208099377968821,0.834969345382823,2.3278337059957366
sim_study1_far_sub58,far,0.7721631938491188,6.343701911877246,0.01935327837498909,13.28007537547649,0.8333551599338502,6.451093601347413
sim_study1_far_sub62,far,0.816666666657045,19.2907372278802,0.08328847398280236,13.576280463122245,0.8331771677658065,5.663782722077904
sim_study1_far_sub49,far,0.9311376159253654,3.483148838588106,0.00020854724506887788,8.655226352400017,0.9006849811205221,1.0353156832524566
sim_study2_far_sub20,far,0.9571543191131865,4.368075866323981,0.06666667885282661,19.487737142121965,0.9055694896326283,2.563246498752217
sim_study2_far_sub56,far,0.7833282302209333,14.667701414926693,0.04860302585954459,15.714971234751673,0.8335142999766407,6.548270887490467
